date,hour,demand_mw,usep_sgd_per_mwh,grid_load_scale_by_day_mean,grid_load_scale_by_global_mean,source_file
2026-05-01,0,6719.999,294.82,1.030866155822384,0.9956183591973385,C:\Users\bulio\Desktop\IDC\ultimate_simplify\data\grid_scenarios\nems_singapore\raw\USEP_May-2026.csv
2026-05-01,1,6442.056500000001,204.94,0.9882290190438425,0.9544390888133392,C:\Users\bulio\Desktop\IDC\ultimate_simplify\data\grid_scenarios\nems_singapore\raw\USEP_May-2026.csv
2026-05-01,2,6280.057000000001,191.075,0.9633778543620996,0.9304376453040784,C:\Users\bulio\Desktop\IDC\ultimate_simplify\data\grid_scenarios\nems_singapore\raw\USEP_May-2026.csv
2026-05-01,3,6162.666,165.725,0.9453697551200988,0.9130452863462072,C:\Users\bulio\Desktop\IDC\ultimate_simplify\data\grid_scenarios\nems_singapore\raw\USEP_May-2026.csv
2026-05-01,4,6110.790999999999,167.565,0.9374119887821444,0.9053596152049819,C:\Users\bulio\Desktop\IDC\ultimate_simplify\data\grid_scenarios\nems_singapore\raw\USEP_May-2026.csv
2026-05-01,5,6162.8745,178.755,0.9454017395881751,0.913076177188288,C:\Users\bulio\Desktop\IDC\ultimate_simplify\data\grid_scenarios\nems_singapore\raw\USEP_May-2026.csv
2026-05-01,6,6292.562,179.945,0.9652961554330607,0.9322903550413509,C:\Users\bulio\Desktop\IDC\ultimate_simplify\data\grid_scenarios\nems_singapore\raw\USEP_May-2026.csv
2026-05-01,7,6430.7325,206.61,0.9864918865906185,0.9527613531024334,C:\Users\bulio\Desktop\IDC\ultimate_simplify\data\grid_scenarios\nems_singapore\raw\USEP_May-2026.csv
2026-05-01,8,6499.8060000000005,175.68,0.9970879496873835,0.962995111282162,C:\Users\bulio\Desktop\IDC\ultimate_simplify\data\grid_scenarios\nems_singapore\raw\USEP_May-2026.csv
2026-05-01,9,6466.959000000001,168.54000000000002,0.992049130392872,0.9581285813549173,C:\Users\bulio\Desktop\IDC\ultimate_simplify\data\grid_scenarios\nems_singapore\raw\USEP_May-2026.csv
2026-05-01,10,6307.2055,156.41,0.9675425082305515,0.9344598996265371,C:\Users\bulio\Desktop\IDC\ultimate_simplify\data\grid_scenarios\nems_singapore\raw\USEP_May-2026.csv
2026-05-01,11,6291.4585,164.015,0.9651268755264789,0.9321268632224721,C:\Users\bulio\Desktop\IDC\ultimate_simplify\data\grid_scenarios\nems_singapore\raw\USEP_May-2026.csv
2026-05-01,12,6638.3595000000005,213.05,1.0183424340884581,0.983522853671863,C:\Users\bulio\Desktop\IDC\ultimate_simplify\data\grid_scenarios\nems_singapore\raw\USEP_May-2026.csv
2026-05-01,13,5997.125,147.115,0.9199753146892307,0.8885191429941194,C:\Users\bulio\Desktop\IDC\ultimate_simplify\data\grid_scenarios\nems_singapore\raw\USEP_May-2026.csv
2026-05-01,14,6263.127,158.57999999999998,0.9607807462348404,0.9279293385586144,C:\Users\bulio\Desktop\IDC\ultimate_simplify\data\grid_scenarios\nems_singapore\raw\USEP_May-2026.csv
2026-05-01,15,6405.883,161.68,0.982679905585992,0.949079712909202,C:\Users\bulio\Desktop\IDC\ultimate_simplify\data\grid_scenarios\nems_singapore\raw\USEP_May-2026.csv
2026-05-01,16,6560.9645,167.54500000000002,1.0064698302190418,0.9720562027229449,C:\Users\bulio\Desktop\IDC\ultimate_simplify\data\grid_scenarios\nems_singapore\raw\USEP_May-2026.csv
2026-05-01,17,6711.1375,167.54000000000002,1.0295067775784557,0.9943054613695224,C:\Users\bulio\Desktop\IDC\ultimate_simplify\data\grid_scenarios\nems_singapore\raw\USEP_May-2026.csv
2026-05-01,18,6944.8045,168.72,1.0653519320245426,1.028924983654952,C:\Users\bulio\Desktop\IDC\ultimate_simplify\data\grid_scenarios\nems_singapore\raw\USEP_May-2026.csv
2026-05-01,19,7156.971,172.595,1.0978988511906451,1.060359045268152,C:\Users\bulio\Desktop\IDC\ultimate_simplify\data\grid_scenarios\nems_singapore\raw\USEP_May-2026.csv
2026-05-01,20,7176.451,174.82,1.1008871362656012,1.0632451536793532,C:\Users\bulio\Desktop\IDC\ultimate_simplify\data\grid_scenarios\nems_singapore\raw\USEP_May-2026.csv
2026-05-01,21,7046.15,168.69,1.0808986078491813,1.0439400811902393,C:\Users\bulio\Desktop\IDC\ultimate_simplify\data\grid_scenarios\nems_singapore\raw\USEP_May-2026.csv
2026-05-01,22,6773.842000000001,164.775,1.0391258187223258,1.0035956043300036,C:\Users\bulio\Desktop\IDC\ultimate_simplify\data\grid_scenarios\nems_singapore\raw\USEP_May-2026.csv
2026-05-01,23,6608.9545,166.14999999999998,1.0138316269719752,0.9791662819146055,C:\Users\bulio\Desktop\IDC\ultimate_simplify\data\grid_scenarios\nems_singapore\raw\USEP_May-2026.csv
2026-05-02,0,6452.096,169.96499999999997,0.9970149713656863,0.9559265161949744,C:\Users\bulio\Desktop\IDC\ultimate_simplify\data\grid_scenarios\nems_singapore\raw\USEP_May-2026.csv
2026-05-02,1,6153.357,167.60500000000002,0.950852103433961,0.9116660880299919,C:\Users\bulio\Desktop\IDC\ultimate_simplify\data\grid_scenarios\nems_singapore\raw\USEP_May-2026.csv
2026-05-02,2,6019.9845000000005,167.57999999999998,0.930242617885626,0.8919059497305597,C:\Users\bulio\Desktop\IDC\ultimate_simplify\data\grid_scenarios\nems_singapore\raw\USEP_May-2026.csv
2026-05-02,3,5933.193499999999,167.495,0.9168311735457092,0.8790472107615365,C:\Users\bulio\Desktop\IDC\ultimate_simplify\data\grid_scenarios\nems_singapore\raw\USEP_May-2026.csv
2026-05-02,4,5903.0555,167.43,0.912174076502048,0.8745820395450692,C:\Users\bulio\Desktop\IDC\ultimate_simplify\data\grid_scenarios\nems_singapore\raw\USEP_May-2026.csv
2026-05-02,5,5970.379,167.57999999999998,0.9225772908101949,0.8845565220718407,C:\Users\bulio\Desktop\IDC\ultimate_simplify\data\grid_scenarios\nems_singapore\raw\USEP_May-2026.csv
2026-05-02,6,6147.845499999999,169.185,0.9500004347646351,0.9108495178806933,C:\Users\bulio\Desktop\IDC\ultimate_simplify\data\grid_scenarios\nems_singapore\raw\USEP_May-2026.csv
2026-05-02,7,6397.9305,174.595,0.9886450068717441,0.9479014902634075,C:\Users\bulio\Desktop\IDC\ultimate_simplify\data\grid_scenarios\nems_singapore\raw\USEP_May-2026.csv
2026-05-02,8,6552.9125,174.62,1.0125937166076495,0.9708632384043109,C:\Users\bulio\Desktop\IDC\ultimate_simplify\data\grid_scenarios\nems_singapore\raw\USEP_May-2026.csv
2026-05-02,9,6451.8875,168.26,0.9969827527468794,0.9558956253528935,C:\Users\bulio\Desktop\IDC\ultimate_simplify\data\grid_scenarios\nems_singapore\raw\USEP_May-2026.csv
2026-05-02,10,6435.6105,161.495,0.9944675371194431,0.9534840654653615,C:\Users\bulio\Desktop\IDC\ultimate_simplify\data\grid_scenarios\nems_singapore\raw\USEP_May-2026.csv
2026-05-02,11,6416.915999999999,164.53500000000003,0.9915787554921709,0.9507143347829589,C:\Users\bulio\Desktop\IDC\ultimate_simplify\data\grid_scenarios\nems_singapore\raw\USEP_May-2026.csv
2026-05-02,12,6205.075,158.78,0.9588438661555774,0.919328498441209,C:\Users\bulio\Desktop\IDC\ultimate_simplify\data\grid_scenarios\nems_singapore\raw\USEP_May-2026.csv
2026-05-02,13,6256.867,153.865,0.9668470637826697,0.9270018725086082,C:\Users\bulio\Desktop\IDC\ultimate_simplify\data\grid_scenarios\nems_singapore\raw\USEP_May-2026.csv
2026-05-02,14,6180.528,145.64,0.9550507225783409,0.9156916758965603,C:\Users\bulio\Desktop\IDC\ultimate_simplify\data\grid_scenarios\nems_singapore\raw\USEP_May-2026.csv
2026-05-02,15,6328.691000000001,151.14499999999998,0.9779457212272226,0.9376431379360272,C:\Users\bulio\Desktop\IDC\ultimate_simplify\data\grid_scenarios\nems_singapore\raw\USEP_May-2026.csv
2026-05-02,16,6611.342500000001,162.885,1.0216226561610748,0.979520082062755,C:\Users\bulio\Desktop\IDC\ultimate_simplify\data\grid_scenarios\nems_singapore\raw\USEP_May-2026.csv
2026-05-02,17,6855.3994999999995,167.84500000000003,1.0593357470491511,1.015678960939169,C:\Users\bulio\Desktop\IDC\ultimate_simplify\data\grid_scenarios\nems_singapore\raw\USEP_May-2026.csv
2026-05-02,18,6983.439,167.85500000000002,1.0791211467744772,1.0346489752059045,C:\Users\bulio\Desktop\IDC\ultimate_simplify\data\grid_scenarios\nems_singapore\raw\USEP_May-2026.csv
2026-05-02,19,7131.105,167.89,1.101939346125771,1.0565268029599315,C:\Users\bulio\Desktop\IDC\ultimate_simplify\data\grid_scenarios\nems_singapore\raw\USEP_May-2026.csv
2026-05-02,20,7185.1765,168.765,1.1102947851992442,1.0645379020849968,C:\Users\bulio\Desktop\IDC\ultimate_simplify\data\grid_scenarios\nems_singapore\raw\USEP_May-2026.csv
2026-05-02,21,7127.6235,168.735,1.1014013647282825,1.0560109925680632,C:\Users\bulio\Desktop\IDC\ultimate_simplify\data\grid_scenarios\nems_singapore\raw\USEP_May-2026.csv
2026-05-02,22,6915.0215,167.625,1.0685488812961874,1.024512408356656,C:\Users\bulio\Desktop\IDC\ultimate_simplify\data\grid_scenarios\nems_singapore\raw\USEP_May-2026.csv
2026-05-02,23,6698.484,167.79,1.035088261776252,0.9924307502411274,C:\Users\bulio\Desktop\IDC\ultimate_simplify\data\grid_scenarios\nems_singapore\raw\USEP_May-2026.csv
2026-05-03,0,6452.464,167.57,1.0068308222047355,0.9559810381608533,C:\Users\bulio\Desktop\IDC\ultimate_simplify\data\grid_scenarios\nems_singapore\raw\USEP_May-2026.csv
2026-05-03,1,6229.577,167.48000000000002,0.9720519375075489,0.9229586538976389,C:\Users\bulio\Desktop\IDC\ultimate_simplify\data\grid_scenarios\nems_singapore\raw\USEP_May-2026.csv
2026-05-03,2,6088.23,171.165,0.949996407058069,0.9020170334870604,C:\Users\bulio\Desktop\IDC\ultimate_simplify\data\grid_scenarios\nems_singapore\raw\USEP_May-2026.csv
2026-05-03,3,5986.847,168.55,0.9341767869489784,0.886996380044924,C:\Users\bulio\Desktop\IDC\ultimate_simplify\data\grid_scenarios\nems_singapore\raw\USEP_May-2026.csv
2026-05-03,4,5942.803,164.245,0.9273042407816252,0.8804709304113023,C:\Users\bulio\Desktop\IDC\ultimate_simplify\data\grid_scenarios\nems_singapore\raw\USEP_May-2026.csv
2026-05-03,5,5998.392,167.305,0.9359782478858165,0.8887068585668603,C:\Users\bulio\Desktop\IDC\ultimate_simplify\data\grid_scenarios\nems_singapore\raw\USEP_May-2026.csv
2026-05-03,6,6134.870999999999,167.475,0.9572741844123402,0.9089272481896702,C:\Users\bulio\Desktop\IDC\ultimate_simplify\data\grid_scenarios\nems_singapore\raw\USEP_May-2026.csv
2026-05-03,7,6273.5685,168.465,0.9789162916697759,0.9294763252616718,C:\Users\bulio\Desktop\IDC\ultimate_simplify\data\grid_scenarios\nems_singapore\raw\USEP_May-2026.csv
2026-05-03,8,6279.3965,164.5,0.9798256822578999,0.9303397872647765,C:\Users\bulio\Desktop\IDC\ultimate_simplify\data\grid_scenarios\nems_singapore\raw\USEP_May-2026.csv
2026-05-03,9,6170.6305,154.14999999999998,0.9628540321707518,0.9142252868821935,C:\Users\bulio\Desktop\IDC\ultimate_simplify\data\grid_scenarios\nems_singapore\raw\USEP_May-2026.csv
2026-05-03,10,6073.32,139.885,0.9476698776021786,0.8998080049238668,C:\Users\bulio\Desktop\IDC\ultimate_simplify\data\grid_scenarios\nems_singapore\raw\USEP_May-2026.csv
2026-05-03,11,6030.643,130.945,0.9410106356444968,0.8934850866145837,C:\Users\bulio\Desktop\IDC\ultimate_simplify\data\grid_scenarios\nems_singapore\raw\USEP_May-2026.csv
2026-05-03,12,6021.085,131.77,0.9395192225969179,0.8920689970768906,C:\Users\bulio\Desktop\IDC\ultimate_simplify\data\grid_scenarios\nems_singapore\raw\USEP_May-2026.csv
2026-05-03,13,6215.9785,150.33499999999998,0.969930052141625,0.9209439339166471,C:\Users\bulio\Desktop\IDC\ultimate_simplify\data\grid_scenarios\nems_singapore\raw\USEP_May-2026.csv
2026-05-03,14,6496.481,175.34,1.013699155340881,0.9625024875415435,C:\Users\bulio\Desktop\IDC\ultimate_simplify\data\grid_scenarios\nems_singapore\raw\USEP_May-2026.csv
2026-05-03,15,6550.4275,175.45999999999998,1.0221168697132614,0.9704950669771119,C:\Users\bulio\Desktop\IDC\ultimate_simplify\data\grid_scenarios\nems_singapore\raw\USEP_May-2026.csv
2026-05-03,16,6649.152,167.53500000000003,1.0375216622865717,0.9851218436630277,C:\Users\bulio\Desktop\IDC\ultimate_simplify\data\grid_scenarios\nems_singapore\raw\USEP_May-2026.csv
2026-05-03,17,6696.608,179.85500000000002,1.0449266107680428,0.9921528067411575,C:\Users\bulio\Desktop\IDC\ultimate_simplify\data\grid_scenarios\nems_singapore\raw\USEP_May-2026.csv
2026-05-03,18,6853.086,196.755,1.0693431551140404,1.01533619852596,C:\Users\bulio\Desktop\IDC\ultimate_simplify\data\grid_scenarios\nems_singapore\raw\USEP_May-2026.csv
2026-05-03,19,7061.304,181.95999999999998,1.1018331155598213,1.046185260187331,C:\Users\bulio\Desktop\IDC\ultimate_simplify\data\grid_scenarios\nems_singapore\raw\USEP_May-2026.csv
2026-05-03,20,7141.778,205.765,1.1143901330939143,1.0581080881279374,C:\Users\bulio\Desktop\IDC\ultimate_simplify\data\grid_scenarios\nems_singapore\raw\USEP_May-2026.csv
2026-05-03,21,7060.735,202.115,1.1017443298280707,1.0461009585607408,C:\Users\bulio\Desktop\IDC\ultimate_simplify\data\grid_scenarios\nems_singapore\raw\USEP_May-2026.csv
2026-05-03,22,6788.851000000001,177.60500000000002,1.05932004179418,1.0058193004872786,C:\Users\bulio\Desktop\IDC\ultimate_simplify\data\grid_scenarios\nems_singapore\raw\USEP_May-2026.csv
2026-05-03,23,6612.269,179.135,1.0317665056184557,0.9796573500013062,C:\Users\bulio\Desktop\IDC\ultimate_simplify\data\grid_scenarios\nems_singapore\raw\USEP_May-2026.csv
2026-05-04,0,6441.4155,174.67,0.9432657439075143,0.9543441198455989,C:\Users\bulio\Desktop\IDC\ultimate_simplify\data\grid_scenarios\nems_singapore\raw\USEP_May-2026.csv
2026-05-04,1,6137.105,167.48000000000002,0.8987032296338475,0.9092582320803593,C:\Users\bulio\Desktop\IDC\ultimate_simplify\data\grid_scenarios\nems_singapore\raw\USEP_May-2026.csv
2026-05-04,2,6011.200000000001,167.335,0.8802659974002376,0.8906044600314736,C:\Users\bulio\Desktop\IDC\ultimate_simplify\data\grid_scenarios\nems_singapore\raw\USEP_May-2026.csv
2026-05-04,3,5918.2835,161.125,0.8666595235601657,0.8768381821983429,C:\Users\bulio\Desktop\IDC\ultimate_simplify\data\grid_scenarios\nems_singapore\raw\USEP_May-2026.csv
2026-05-04,4,5919.496,162.675,0.8668370792099275,0.8770178231864632,C:\Users\bulio\Desktop\IDC\ultimate_simplify\data\grid_scenarios\nems_singapore\raw\USEP_May-2026.csv
2026-05-04,5,6104.169,165.83499999999998,0.8938801592168968,0.9043785161341927,C:\Users\bulio\Desktop\IDC\ultimate_simplify\data\grid_scenarios\nems_singapore\raw\USEP_May-2026.csv
2026-05-04,6,6470.9005,167.555,0.9475834579967719,0.9587125442041342,C:\Users\bulio\Desktop\IDC\ultimate_simplify\data\grid_scenarios\nems_singapore\raw\USEP_May-2026.csv
2026-05-04,7,6905.9265,173.06,1.0112876428159487,1.0231649157488594,C:\Users\bulio\Desktop\IDC\ultimate_simplify\data\grid_scenarios\nems_singapore\raw\USEP_May-2026.csv
2026-05-04,8,7150.2645,171.435,1.0470679251676887,1.0593654268872628,C:\Users\bulio\Desktop\IDC\ultimate_simplify\data\grid_scenarios\nems_singapore\raw\USEP_May-2026.csv
2026-05-04,9,7035.01,164.615,1.030190327117821,1.042289606462273,C:\Users\bulio\Desktop\IDC\ultimate_simplify\data\grid_scenarios\nems_singapore\raw\USEP_May-2026.csv
2026-05-04,10,7014.2085,164.815,1.0271442043561558,1.0392077078937103,C:\Users\bulio\Desktop\IDC\ultimate_simplify\data\grid_scenarios\nems_singapore\raw\USEP_May-2026.csv
2026-05-04,11,7203.476,193.14999999999998,1.0548600921427789,1.067249110548589,C:\Users\bulio\Desktop\IDC\ultimate_simplify\data\grid_scenarios\nems_singapore\raw\USEP_May-2026.csv
2026-05-04,12,6891.35,164.88,1.0091530944211018,1.0210052977172437,C:\Users\bulio\Desktop\IDC\ultimate_simplify\data\grid_scenarios\nems_singapore\raw\USEP_May-2026.csv
2026-05-04,13,6744.424499999999,159.21499999999997,0.9876376695806324,0.9992371806037963,C:\Users\bulio\Desktop\IDC\ultimate_simplify\data\grid_scenarios\nems_singapore\raw\USEP_May-2026.csv
2026-05-04,14,6666.977,155.44,0.9762964397373973,0.9877627513852897,C:\Users\bulio\Desktop\IDC\ultimate_simplify\data\grid_scenarios\nems_singapore\raw\USEP_May-2026.csv
2026-05-04,15,7265.027,177.97,1.0638734758941069,1.0763683538143924,C:\Users\bulio\Desktop\IDC\ultimate_simplify\data\grid_scenarios\nems_singapore\raw\USEP_May-2026.csv
2026-05-04,16,7450.743,208.99,1.0910692903692836,1.1038835750512845,C:\Users\bulio\Desktop\IDC\ultimate_simplify\data\grid_scenarios\nems_singapore\raw\USEP_May-2026.csv
2026-05-04,17,7249.5005,167.745,1.0615998117324361,1.0740679861426001,C:\Users\bulio\Desktop\IDC\ultimate_simplify\data\grid_scenarios\nems_singapore\raw\USEP_May-2026.csv
2026-05-04,18,7350.3885,170.055,1.0763736132938075,1.0890153016143287,C:\Users\bulio\Desktop\IDC\ultimate_simplify\data\grid_scenarios\nems_singapore\raw\USEP_May-2026.csv
2026-05-04,19,7513.775,175.63,1.100299548279207,1.1132222395982474,C:\Users\bulio\Desktop\IDC\ultimate_simplify\data\grid_scenarios\nems_singapore\raw\USEP_May-2026.csv
2026-05-04,20,7494.892,167.91,1.097534366147701,1.1104245812240834,C:\Users\bulio\Desktop\IDC\ultimate_simplify\data\grid_scenarios\nems_singapore\raw\USEP_May-2026.csv
2026-05-04,21,7319.0555,161.905,1.0717852824286656,1.0843730821662707,C:\Users\bulio\Desktop\IDC\ultimate_simplify\data\grid_scenarios\nems_singapore\raw\USEP_May-2026.csv
2026-05-04,22,6985.623,164.635,1.0229582109324327,1.0349725512207948,C:\Users\bulio\Desktop\IDC\ultimate_simplify\data\grid_scenarios\nems_singapore\raw\USEP_May-2026.csv
2026-05-04,23,6649.0675,164.575,0.9736738146574734,0.9851093243529278,C:\Users\bulio\Desktop\IDC\ultimate_simplify\data\grid_scenarios\nems_singapore\raw\USEP_May-2026.csv
2026-05-05,0,6246.1295,160.99,0.9149723269090552,0.925411031180822,C:\Users\bulio\Desktop\IDC\ultimate_simplify\data\grid_scenarios\nems_singapore\raw\USEP_May-2026.csv
2026-05-05,1,6148.8665,166.04000000000002,0.9007246310468168,0.9110007867045044,C:\Users\bulio\Desktop\IDC\ultimate_simplify\data\grid_scenarios\nems_singapore\raw\USEP_May-2026.csv
2026-05-05,2,6018.9405,171.63,0.8816922535487219,0.8917512732838813,C:\Users\bulio\Desktop\IDC\ultimate_simplify\data\grid_scenarios\nems_singapore\raw\USEP_May-2026.csv
2026-05-05,3,5943.058999999999,166.925,0.8705766542604987,0.880508858735392,C:\Users\bulio\Desktop\IDC\ultimate_simplify\data\grid_scenarios\nems_singapore\raw\USEP_May-2026.csv
2026-05-05,4,5955.104,159.21,0.872341081603483,0.8822934160153161,C:\Users\bulio\Desktop\IDC\ultimate_simplify\data\grid_scenarios\nems_singapore\raw\USEP_May-2026.csv
2026-05-05,5,6144.851,167.335,0.9001364153560112,0.910405860199105,C:\Users\bulio\Desktop\IDC\ultimate_simplify\data\grid_scenarios\nems_singapore\raw\USEP_May-2026.csv
2026-05-05,6,6530.284,171.36,0.9565970649274839,0.9675106560540608,C:\Users\bulio\Desktop\IDC\ultimate_simplify\data\grid_scenarios\nems_singapore\raw\USEP_May-2026.csv
2026-05-05,7,6946.7705000000005,172.98000000000002,1.0176066264537393,1.0292162613313598,C:\Users\bulio\Desktop\IDC\ultimate_simplify\data\grid_scenarios\nems_singapore\raw\USEP_May-2026.csv
2026-05-05,8,7192.531999999999,167.58499999999998,1.053607316404157,1.0656276746937539,C:\Users\bulio\Desktop\IDC\ultimate_simplify\data\grid_scenarios\nems_singapore\raw\USEP_May-2026.csv
2026-05-05,9,7031.6355,161.015,1.0300381853132117,1.0417896489246141,C:\Users\bulio\Desktop\IDC\ultimate_simplify\data\grid_scenarios\nems_singapore\raw\USEP_May-2026.csv
2026-05-05,10,6790.9085,152.535,0.9947749805814114,1.006124134576398,C:\Users\bulio\Desktop\IDC\ultimate_simplify\data\grid_scenarios\nems_singapore\raw\USEP_May-2026.csv
2026-05-05,11,6709.9495,141.505,0.982915597164172,0.9941294502405436,C:\Users\bulio\Desktop\IDC\ultimate_simplify\data\grid_scenarios\nems_singapore\raw\USEP_May-2026.csv
2026-05-05,12,6643.4785,148.445,0.9731785070923169,0.9842812719961411,C:\Users\bulio\Desktop\IDC\ultimate_simplify\data\grid_scenarios\nems_singapore\raw\USEP_May-2026.csv
2026-05-05,13,6821.692999999999,162.35500000000002,0.9992844877246321,1.0106850896269435,C:\Users\bulio\Desktop\IDC\ultimate_simplify\data\grid_scenarios\nems_singapore\raw\USEP_May-2026.csv
2026-05-05,14,7001.1965,164.54,1.0255792891826103,1.0372798822958382,C:\Users\bulio\Desktop\IDC\ultimate_simplify\data\grid_scenarios\nems_singapore\raw\USEP_May-2026.csv
2026-05-05,15,7400.924,210.83999999999997,1.0841338870026747,1.0965025157629047,C:\Users\bulio\Desktop\IDC\ultimate_simplify\data\grid_scenarios\nems_singapore\raw\USEP_May-2026.csv
2026-05-05,16,7413.157499999999,174.055,1.0859259270110095,1.09831500073459,C:\Users\bulio\Desktop\IDC\ultimate_simplify\data\grid_scenarios\nems_singapore\raw\USEP_May-2026.csv
2026-05-05,17,7472.8375,176.945,1.0946682286987879,1.1071570412880034,C:\Users\bulio\Desktop\IDC\ultimate_simplify\data\grid_scenarios\nems_singapore\raw\USEP_May-2026.csv
2026-05-05,18,7503.0205000000005,179.92000000000002,1.0990896243395758,1.1116288795926899,C:\Users\bulio\Desktop\IDC\ultimate_simplify\data\grid_scenarios\nems_singapore\raw\USEP_May-2026.csv
2026-05-05,19,7543.342000000001,179.965,1.1049961712146388,1.1176028128730928,C:\Users\bulio\Desktop\IDC\ultimate_simplify\data\grid_scenarios\nems_singapore\raw\USEP_May-2026.csv
2026-05-05,20,7477.857,179.835,1.0954035166230809,1.107900717939442,C:\Users\bulio\Desktop\IDC\ultimate_simplify\data\grid_scenarios\nems_singapore\raw\USEP_May-2026.csv
2026-05-05,21,7309.65,178.995,1.070763497521269,1.0829795866497638,C:\Users\bulio\Desktop\IDC\ultimate_simplify\data\grid_scenarios\nems_singapore\raw\USEP_May-2026.csv
2026-05-05,22,6981.870999999999,168.73,1.0227483684174097,1.034416664220855,C:\Users\bulio\Desktop\IDC\ultimate_simplify\data\grid_scenarios\nems_singapore\raw\USEP_May-2026.csv
2026-05-05,23,6609.802,166.29500000000002,0.9682453616032338,0.9792918454093947,C:\Users\bulio\Desktop\IDC\ultimate_simplify\data\grid_scenarios\nems_singapore\raw\USEP_May-2026.csv
2026-05-06,0,6111.961499999999,158.04,0.8916680422025189,0.9055330335774312,C:\Users\bulio\Desktop\IDC\ultimate_simplify\data\grid_scenarios\nems_singapore\raw\USEP_May-2026.csv
2026-05-06,1,6085.3645,166.985,0.8877878320738294,0.9015924881250329,C:\Users\bulio\Desktop\IDC\ultimate_simplify\data\grid_scenarios\nems_singapore\raw\USEP_May-2026.csv
2026-05-06,2,5964.912,164.29500000000002,0.8702151355093307,0.8837465449320031,C:\Users\bulio\Desktop\IDC\ultimate_simplify\data\grid_scenarios\nems_singapore\raw\USEP_May-2026.csv
2026-05-06,3,5894.8724999999995,161.255,0.8599971418518373,0.8733696665918422,C:\Users\bulio\Desktop\IDC\ultimate_simplify\data\grid_scenarios\nems_singapore\raw\USEP_May-2026.csv
2026-05-06,4,5915.9545,158.825,0.8630727740634789,0.8764931233436362,C:\Users\bulio\Desktop\IDC\ultimate_simplify\data\grid_scenarios\nems_singapore\raw\USEP_May-2026.csv
2026-05-06,5,6133.5465,165.785,0.8948170565886439,0.9087310135597608,C:\Users\bulio\Desktop\IDC\ultimate_simplify\data\grid_scenarios\nems_singapore\raw\USEP_May-2026.csv
2026-05-06,6,6523.813,168.07999999999998,0.9517526518132259,0.966551928768184,C:\Users\bulio\Desktop\IDC\ultimate_simplify\data\grid_scenarios\nems_singapore\raw\USEP_May-2026.csv
2026-05-06,7,6952.9155,175.24,1.01435399281958,1.0301266892670287,C:\Users\bulio\Desktop\IDC\ultimate_simplify\data\grid_scenarios\nems_singapore\raw\USEP_May-2026.csv
2026-05-06,8,7157.2395,171.79500000000002,1.0441626198953537,1.0603988255611914,C:\Users\bulio\Desktop\IDC\ultimate_simplify\data\grid_scenarios\nems_singapore\raw\USEP_May-2026.csv
2026-05-06,9,7085.987499999999,167.365,1.0337677358073216,1.0498423062329103,C:\Users\bulio\Desktop\IDC\ultimate_simplify\data\grid_scenarios\nems_singapore\raw\USEP_May-2026.csv
2026-05-06,10,6945.8285,161.65,1.0133200773711448,1.0290766969513108,C:\Users\bulio\Desktop\IDC\ultimate_simplify\data\grid_scenarios\nems_singapore\raw\USEP_May-2026.csv
2026-05-06,11,6864.2655,164.35500000000002,1.001420931650714,1.0169925254758072,C:\Users\bulio\Desktop\IDC\ultimate_simplify\data\grid_scenarios\nems_singapore\raw\USEP_May-2026.csv
2026-05-06,12,6816.668,166.935,0.9944769792650953,1.009940598109167,C:\Users\bulio\Desktop\IDC\ultimate_simplify\data\grid_scenarios\nems_singapore\raw\USEP_May-2026.csv
2026-05-06,13,7207.817,201.365,1.0515413215453064,1.0678922623254383,C:\Users\bulio\Desktop\IDC\ultimate_simplify\data\grid_scenarios\nems_singapore\raw\USEP_May-2026.csv
2026-05-06,14,7282.807,198.44,1.0624815387709494,1.0790025944484354,C:\Users\bulio\Desktop\IDC\ultimate_simplify\data\grid_scenarios\nems_singapore\raw\USEP_May-2026.csv
2026-05-06,15,7395.902,187.7,1.078980856908489,1.0957584687176762,C:\Users\bulio\Desktop\IDC\ultimate_simplify\data\grid_scenarios\nems_singapore\raw\USEP_May-2026.csv
2026-05-06,16,7371.894,181.24,1.0754783534393169,1.092201503074138,C:\Users\bulio\Desktop\IDC\ultimate_simplify\data\grid_scenarios\nems_singapore\raw\USEP_May-2026.csv
2026-05-06,17,7299.0265,167.425,1.0648477856477505,1.0814056352787988,C:\Users\bulio\Desktop\IDC\ultimate_simplify\data\grid_scenarios\nems_singapore\raw\USEP_May-2026.csv
2026-05-06,18,7407.3724999999995,169.77999999999997,1.0806542768536382,1.0974579095046721,C:\Users\bulio\Desktop\IDC\ultimate_simplify\data\grid_scenarios\nems_singapore\raw\USEP_May-2026.csv
2026-05-06,19,7520.6265,171.935,1.0971767913445434,1.114237340818953,C:\Users\bulio\Desktop\IDC\ultimate_simplify\data\grid_scenarios\nems_singapore\raw\USEP_May-2026.csv
2026-05-06,20,7511.166,171.885,1.0957966083192974,1.1128356966390676,C:\Users\bulio\Desktop\IDC\ultimate_simplify\data\grid_scenarios\nems_singapore\raw\USEP_May-2026.csv
2026-05-06,21,7355.2275,171.77999999999997,1.0730468941728655,1.0897322358341337,C:\Users\bulio\Desktop\IDC\ultimate_simplify\data\grid_scenarios\nems_singapore\raw\USEP_May-2026.csv
2026-05-06,22,7032.021,167.605,1.02589461628595,1.0418467636470226,C:\Users\bulio\Desktop\IDC\ultimate_simplify\data\grid_scenarios\nems_singapore\raw\USEP_May-2026.csv
2026-05-06,23,6671.4275,164.39,0.9732879857998198,0.9884221264101383,C:\Users\bulio\Desktop\IDC\ultimate_simplify\data\grid_scenarios\nems_singapore\raw\USEP_May-2026.csv
2026-05-07,0,6202.309,160.84,0.9100530291562771,0.918918694752021,C:\Users\bulio\Desktop\IDC\ultimate_simplify\data\grid_scenarios\nems_singapore\raw\USEP_May-2026.csv
2026-05-07,1,6176.6265,166.9,0.9062846846701661,0.9151136393479822,C:\Users\bulio\Desktop\IDC\ultimate_simplify\data\grid_scenarios\nems_singapore\raw\USEP_May-2026.csv
2026-05-07,2,6049.5735,166.64499999999998,0.8876424390946245,0.8962897824707565,C:\Users\bulio\Desktop\IDC\ultimate_simplify\data\grid_scenarios\nems_singapore\raw\USEP_May-2026.csv
2026-05-07,3,5977.021500000001,164.07,0.8769970218199699,0.8855406583717076,C:\Users\bulio\Desktop\IDC\ultimate_simplify\data\grid_scenarios\nems_singapore\raw\USEP_May-2026.csv
2026-05-07,4,5998.947,165.515,0.8802141088259163,0.8887890859882266,C:\Users\bulio\Desktop\IDC\ultimate_simplify\data\grid_scenarios\nems_singapore\raw\USEP_May-2026.csv
2026-05-07,5,6214.5355,167.365,0.9118470002984724,0.9207301426210945,C:\Users\bulio\Desktop\IDC\ultimate_simplify\data\grid_scenarios\nems_singapore\raw\USEP_May-2026.csv
2026-05-07,6,6605.0185,174.04,0.9691418298505039,0.9785831339317264,C:\Users\bulio\Desktop\IDC\ultimate_simplify\data\grid_scenarios\nems_singapore\raw\USEP_May-2026.csv
2026-05-07,7,7000.0015,177.515,1.0270969358626736,1.0371028340642476,C:\Users\bulio\Desktop\IDC\ultimate_simplify\data\grid_scenarios\nems_singapore\raw\USEP_May-2026.csv
2026-05-07,8,7201.353499999999,177.495,1.0566409327075057,1.066934646220931,C:\Users\bulio\Desktop\IDC\ultimate_simplify\data\grid_scenarios\nems_singapore\raw\USEP_May-2026.csv
2026-05-07,9,7198.5905,173.0,1.056235522960981,1.0665252870042912,C:\Users\bulio\Desktop\IDC\ultimate_simplify\data\grid_scenarios\nems_singapore\raw\USEP_May-2026.csv
2026-05-07,10,7099.3415,171.14499999999998,1.0416729055404799,1.0518208017012463,C:\Users\bulio\Desktop\IDC\ultimate_simplify\data\grid_scenarios\nems_singapore\raw\USEP_May-2026.csv
2026-05-07,11,6709.12,158.04,0.9844164453871874,0.994006553581042,C:\Users\bulio\Desktop\IDC\ultimate_simplify\data\grid_scenarios\nems_singapore\raw\USEP_May-2026.csv
2026-05-07,12,6572.3675,157.98,0.9643510105838434,0.9737456428776128,C:\Users\bulio\Desktop\IDC\ultimate_simplify\data\grid_scenarios\nems_singapore\raw\USEP_May-2026.csv
2026-05-07,13,6597.8415,158.105,0.9680887622606347,0.9775198074395708,C:\Users\bulio\Desktop\IDC\ultimate_simplify\data\grid_scenarios\nems_singapore\raw\USEP_May-2026.csv
2026-05-07,14,6796.950000000001,160.365,0.9973035746080625,1.0070192282091637,C:\Users\bulio\Desktop\IDC\ultimate_simplify\data\grid_scenarios\nems_singapore\raw\USEP_May-2026.csv
2026-05-07,15,6839.483,161.16000000000003,1.0035443609811863,1.0133208118361463,C:\Users\bulio\Desktop\IDC\ultimate_simplify\data\grid_scenarios\nems_singapore\raw\USEP_May-2026.csv
2026-05-07,16,6996.945,161.58499999999998,1.0266484614181375,1.0366499906166686,C:\Users\bulio\Desktop\IDC\ultimate_simplify\data\grid_scenarios\nems_singapore\raw\USEP_May-2026.csv
2026-05-07,17,7286.338,169.10500000000002,1.06911054711342,1.0795257386373447,C:\Users\bulio\Desktop\IDC\ultimate_simplify\data\grid_scenarios\nems_singapore\raw\USEP_May-2026.csv
2026-05-07,18,7546.145,181.655,1.1072315351754474,1.118018098390372,C:\Users\bulio\Desktop\IDC\ultimate_simplify\data\grid_scenarios\nems_singapore\raw\USEP_May-2026.csv
2026-05-07,19,7588.842000000001,181.735,1.113496384957341,1.1243439798499748,C:\Users\bulio\Desktop\IDC\ultimate_simplify\data\grid_scenarios\nems_singapore\raw\USEP_May-2026.csv
2026-05-07,20,7556.907499999999,179.20999999999998,1.1088106963759445,1.1196126436560574,C:\Users\bulio\Desktop\IDC\ultimate_simplify\data\grid_scenarios\nems_singapore\raw\USEP_May-2026.csv
2026-05-07,21,7391.2175,176.56,1.0844993171136563,1.0950644248340893,C:\Users\bulio\Desktop\IDC\ultimate_simplify\data\grid_scenarios\nems_singapore\raw\USEP_May-2026.csv
2026-05-07,22,7095.3385,169.32,1.0410855529471612,1.0512277271647965,C:\Users\bulio\Desktop\IDC\ultimate_simplify\data\grid_scenarios\nems_singapore\raw\USEP_May-2026.csv
2026-05-07,23,6867.0345,171.26,1.0075869402904079,1.017402773637543,C:\Users\bulio\Desktop\IDC\ultimate_simplify\data\grid_scenarios\nems_singapore\raw\USEP_May-2026.csv
2026-05-08,0,6756.1185000000005,210.8,0.9784841007540703,1.000969734595613,C:\Users\bulio\Desktop\IDC\ultimate_simplify\data\grid_scenarios\nems_singapore\raw\USEP_May-2026.csv
2026-05-08,1,6430.365,176.235,0.9313054403272303,0.9527069052153124,C:\Users\bulio\Desktop\IDC\ultimate_simplify\data\grid_scenarios\nems_singapore\raw\USEP_May-2026.csv
2026-05-08,2,6294.642,170.625,0.9116487694730047,0.9325985226745799,C:\Users\bulio\Desktop\IDC\ultimate_simplify\data\grid_scenarios\nems_singapore\raw\USEP_May-2026.csv
2026-05-08,3,6213.5560000000005,168.865,0.8999051386006711,0.9205850223341966,C:\Users\bulio\Desktop\IDC\ultimate_simplify\data\grid_scenarios\nems_singapore\raw\USEP_May-2026.csv
2026-05-08,4,6185.9425,167.81,0.8959058939580301,0.9164938747668092,C:\Users\bulio\Desktop\IDC\ultimate_simplify\data\grid_scenarios\nems_singapore\raw\USEP_May-2026.csv
2026-05-08,5,6344.955,171.9,0.9189355674415778,0.9400527717758514,C:\Users\bulio\Desktop\IDC\ultimate_simplify\data\grid_scenarios\nems_singapore\raw\USEP_May-2026.csv
2026-05-08,6,6675.4605,176.685,0.9668024568340262,0.9890196456720672,C:\Users\bulio\Desktop\IDC\ultimate_simplify\data\grid_scenarios\nems_singapore\raw\USEP_May-2026.csv
2026-05-08,7,7049.5025000000005,195.54500000000002,1.0209747082553497,1.044436779262547,C:\Users\bulio\Desktop\IDC\ultimate_simplify\data\grid_scenarios\nems_singapore\raw\USEP_May-2026.csv
2026-05-08,8,7359.8045,205.075,1.0659155383240035,1.0904103527847533,C:\Users\bulio\Desktop\IDC\ultimate_simplify\data\grid_scenarios\nems_singapore\raw\USEP_May-2026.csv
2026-05-08,9,7248.72,180.565,1.0498272448622747,1.0739523492013812,C:\Users\bulio\Desktop\IDC\ultimate_simplify\data\grid_scenarios\nems_singapore\raw\USEP_May-2026.csv
2026-05-08,10,6960.4075,167.45999999999998,1.0080711392968293,1.0312366853767165,C:\Users\bulio\Desktop\IDC\ultimate_simplify\data\grid_scenarios\nems_singapore\raw\USEP_May-2026.csv
2026-05-08,11,6810.9375,164.065,0.9864234996736181,1.0090915814638697,C:\Users\bulio\Desktop\IDC\ultimate_simplify\data\grid_scenarios\nems_singapore\raw\USEP_May-2026.csv
2026-05-08,12,6631.4215,156.92000000000002,0.9604243180679422,0.9824949368260255,C:\Users\bulio\Desktop\IDC\ultimate_simplify\data\grid_scenarios\nems_singapore\raw\USEP_May-2026.csv
2026-05-08,13,6990.5165,167.86,1.0124318055269443,1.0356975600252205,C:\Users\bulio\Desktop\IDC\ultimate_simplify\data\grid_scenarios\nems_singapore\raw\USEP_May-2026.csv
2026-05-08,14,6909.284,166.925,1.0006669571580908,1.0236623546087469,C:\Users\bulio\Desktop\IDC\ultimate_simplify\data\grid_scenarios\nems_singapore\raw\USEP_May-2026.csv
2026-05-08,15,6906.3240000000005,166.995,1.0002382623478634,1.0232238083614598,C:\Users\bulio\Desktop\IDC\ultimate_simplify\data\grid_scenarios\nems_singapore\raw\USEP_May-2026.csv
2026-05-08,16,7158.557,172.895,1.0367689981816859,1.060594023088489,C:\Users\bulio\Desktop\IDC\ultimate_simplify\data\grid_scenarios\nems_singapore\raw\USEP_May-2026.csv
2026-05-08,17,7426.4,178.365,1.0755605198221474,1.1002769766398945,C:\Users\bulio\Desktop\IDC\ultimate_simplify\data\grid_scenarios\nems_singapore\raw\USEP_May-2026.csv
2026-05-08,18,7490.4535,179.08499999999998,1.0848373451690756,1.1097669840894264,C:\Users\bulio\Desktop\IDC\ultimate_simplify\data\grid_scenarios\nems_singapore\raw\USEP_May-2026.csv
2026-05-08,19,7558.567,179.20499999999998,1.094702177586789,1.1198585110538186,C:\Users\bulio\Desktop\IDC\ultimate_simplify\data\grid_scenarios\nems_singapore\raw\USEP_May-2026.csv
2026-05-08,20,7400.79,178.24,1.0718514407377129,1.096482662655764,C:\Users\bulio\Desktop\IDC\ultimate_simplify\data\grid_scenarios\nems_singapore\raw\USEP_May-2026.csv
2026-05-08,21,7233.507,175.20499999999998,1.0476239562987641,1.071698428910847,C:\Users\bulio\Desktop\IDC\ultimate_simplify\data\grid_scenarios\nems_singapore\raw\USEP_May-2026.csv
2026-05-08,22,6980.9265,169.985,1.0110428922735382,1.0342767294470163,C:\Users\bulio\Desktop\IDC\ultimate_simplify\data\grid_scenarios\nems_singapore\raw\USEP_May-2026.csv
2026-05-08,23,6695.1345,170.775,0.9696518290287613,0.9919344966413677,C:\Users\bulio\Desktop\IDC\ultimate_simplify\data\grid_scenarios\nems_singapore\raw\USEP_May-2026.csv
2026-05-09,0,6322.829,170.85000000000002,0.9743845580604721,0.9367746385773791,C:\Users\bulio\Desktop\IDC\ultimate_simplify\data\grid_scenarios\nems_singapore\raw\USEP_May-2026.csv
2026-05-09,1,6212.4925,172.215,0.9573810645624763,0.9204274568159567,C:\Users\bulio\Desktop\IDC\ultimate_simplify\data\grid_scenarios\nems_singapore\raw\USEP_May-2026.csv
2026-05-09,2,6088.3195,172.18,0.938245286301188,0.9020302935847402,C:\Users\bulio\Desktop\IDC\ultimate_simplify\data\grid_scenarios\nems_singapore\raw\USEP_May-2026.csv
2026-05-09,3,5997.5845,170.665,0.924262497445817,0.8885872213727101,C:\Users\bulio\Desktop\IDC\ultimate_simplify\data\grid_scenarios\nems_singapore\raw\USEP_May-2026.csv
2026-05-09,4,5970.021000000001,156.54500000000002,0.9200148025032368,0.8845034816811216,C:\Users\bulio\Desktop\IDC\ultimate_simplify\data\grid_scenarios\nems_singapore\raw\USEP_May-2026.csv
2026-05-09,5,6048.9794999999995,152.04000000000002,0.9321827645227089,0.896201776906267,C:\Users\bulio\Desktop\IDC\ultimate_simplify\data\grid_scenarios\nems_singapore\raw\USEP_May-2026.csv
2026-05-09,6,6233.993,172.38,0.9606944161003053,0.9236129174881864,C:\Users\bulio\Desktop\IDC\ultimate_simplify\data\grid_scenarios\nems_singapore\raw\USEP_May-2026.csv
2026-05-09,7,6497.5689999999995,177.71,1.0013130038045348,0.9626636829189248,C:\Users\bulio\Desktop\IDC\ultimate_simplify\data\grid_scenarios\nems_singapore\raw\USEP_May-2026.csv
2026-05-09,8,6735.647000000001,176.32,1.0380022020754232,0.9979367280073222,C:\Users\bulio\Desktop\IDC\ultimate_simplify\data\grid_scenarios\nems_singapore\raw\USEP_May-2026.csv
2026-05-09,9,6714.2065,179.43,1.034698096884994,0.994760156786051,C:\Users\bulio\Desktop\IDC\ultimate_simplify\data\grid_scenarios\nems_singapore\raw\USEP_May-2026.csv
2026-05-09,10,6578.246999999999,175.89,1.0137459507299067,0.9746167349927901,C:\Users\bulio\Desktop\IDC\ultimate_simplify\data\grid_scenarios\nems_singapore\raw\USEP_May-2026.csv
2026-05-09,11,6436.5425,166.14499999999998,0.9919084668112874,0.9536221482702506,C:\Users\bulio\Desktop\IDC\ultimate_simplify\data\grid_scenarios\nems_singapore\raw\USEP_May-2026.csv
2026-05-09,12,6196.360000000001,138.60500000000002,0.954894952905351,0.9180373056894833,C:\Users\bulio\Desktop\IDC\ultimate_simplify\data\grid_scenarios\nems_singapore\raw\USEP_May-2026.csv
2026-05-09,13,6059.416499999999,126.48,0.9337911666529067,0.8977480969005025,C:\Users\bulio\Desktop\IDC\ultimate_simplify\data\grid_scenarios\nems_singapore\raw\USEP_May-2026.csv
2026-05-09,14,6097.8595000000005,129.39499999999998,0.9397154555377588,0.9034437162871459,C:\Users\bulio\Desktop\IDC\ultimate_simplify\data\grid_scenarios\nems_singapore\raw\USEP_May-2026.csv
2026-05-09,15,6157.082,129.435,0.9488419856858517,0.9122179747770005,C:\Users\bulio\Desktop\IDC\ultimate_simplify\data\grid_scenarios\nems_singapore\raw\USEP_May-2026.csv
2026-05-09,16,6443.16,159.175,0.9929282618765921,0.9546025806322179,C:\Users\bulio\Desktop\IDC\ultimate_simplify\data\grid_scenarios\nems_singapore\raw\USEP_May-2026.csv
2026-05-09,17,6504.9794999999995,159.565,1.002455004761307,0.9637616041910607,C:\Users\bulio\Desktop\IDC\ultimate_simplify\data\grid_scenarios\nems_singapore\raw\USEP_May-2026.csv
2026-05-09,18,6901.956,170.51,1.0636313819040217,1.022576656331679,C:\Users\bulio\Desktop\IDC\ultimate_simplify\data\grid_scenarios\nems_singapore\raw\USEP_May-2026.csv
2026-05-09,19,7217.424,176.54,1.112246827262772,1.0693156115814142,C:\Users\bulio\Desktop\IDC\ultimate_simplify\data\grid_scenarios\nems_singapore\raw\USEP_May-2026.csv
2026-05-09,20,7280.041,176.54,1.1218964695150093,1.0785927907592474,C:\Users\bulio\Desktop\IDC\ultimate_simplify\data\grid_scenarios\nems_singapore\raw\USEP_May-2026.csv
2026-05-09,21,7219.1785,176.42000000000002,1.1125172058713215,1.0695755539431933,C:\Users\bulio\Desktop\IDC\ultimate_simplify\data\grid_scenarios\nems_singapore\raw\USEP_May-2026.csv
2026-05-09,22,7014.233,176.07999999999998,1.0809339176875066,1.0392113377528518,C:\Users\bulio\Desktop\IDC\ultimate_simplify\data\grid_scenarios\nems_singapore\raw\USEP_May-2026.csv
2026-05-09,23,6809.0515,176.195,1.0493142605372523,1.00881215638874,C:\Users\bulio\Desktop\IDC\ultimate_simplify\data\grid_scenarios\nems_singapore\raw\USEP_May-2026.csv
2026-05-10,0,6554.5625,176.0,1.0127607911185044,0.9711076983056702,C:\Users\bulio\Desktop\IDC\ultimate_simplify\data\grid_scenarios\nems_singapore\raw\USEP_May-2026.csv
2026-05-10,1,6336.71,175.20999999999998,0.979099891516564,0.9388312130566341,C:\Users\bulio\Desktop\IDC\ultimate_simplify\data\grid_scenarios\nems_singapore\raw\USEP_May-2026.csv
2026-05-10,2,6193.666499999999,175.04500000000002,0.9569979055755709,0.9176382434202033,C:\Users\bulio\Desktop\IDC\ultimate_simplify\data\grid_scenarios\nems_singapore\raw\USEP_May-2026.csv
2026-05-10,3,6101.594499999999,173.55,0.9427716453850756,0.9039970846093139,C:\Users\bulio\Desktop\IDC\ultimate_simplify\data\grid_scenarios\nems_singapore\raw\USEP_May-2026.csv
2026-05-10,4,6062.627,172.945,0.9367506857668083,0.8982237566055418,C:\Users\bulio\Desktop\IDC\ultimate_simplify\data\grid_scenarios\nems_singapore\raw\USEP_May-2026.csv
2026-05-10,5,6107.5305,173.6,0.943688830636735,0.9048765476241442,C:\Users\bulio\Desktop\IDC\ultimate_simplify\data\grid_scenarios\nems_singapore\raw\USEP_May-2026.csv
2026-05-10,6,6241.8625,173.5,0.964444782325735,0.924778843060155,C:\Users\bulio\Desktop\IDC\ultimate_simplify\data\grid_scenarios\nems_singapore\raw\USEP_May-2026.csv
2026-05-10,7,6395.165000000001,175.17000000000002,0.9881319103652412,0.9474917606529776,C:\Users\bulio\Desktop\IDC\ultimate_simplify\data\grid_scenarios\nems_singapore\raw\USEP_May-2026.csv
2026-05-10,8,6473.7970000000005,175.95,1.0002815247029226,0.9591416824491572,C:\Users\bulio\Desktop\IDC\ultimate_simplify\data\grid_scenarios\nems_singapore\raw\USEP_May-2026.csv
2026-05-10,9,6486.217500000001,172.815,1.0022006452248626,0.96098187287633,C:\Users\bulio\Desktop\IDC\ultimate_simplify\data\grid_scenarios\nems_singapore\raw\USEP_May-2026.csv
2026-05-10,10,6365.3175,164.51999999999998,0.9835201032899542,0.943069629194901,C:\Users\bulio\Desktop\IDC\ultimate_simplify\data\grid_scenarios\nems_singapore\raw\USEP_May-2026.csv
2026-05-10,11,5853.375,118.32500000000002,0.9044186695470943,0.8672215000726521,C:\Users\bulio\Desktop\IDC\ultimate_simplify\data\grid_scenarios\nems_singapore\raw\USEP_May-2026.csv
2026-05-10,12,5871.5355,106.65,0.9072246909020065,0.8699121146415237,C:\Users\bulio\Desktop\IDC\ultimate_simplify\data\grid_scenarios\nems_singapore\raw\USEP_May-2026.csv
2026-05-10,13,5990.2785,131.09,0.9255719497190191,0.8875047825609937,C:\Users\bulio\Desktop\IDC\ultimate_simplify\data\grid_scenarios\nems_singapore\raw\USEP_May-2026.csv
2026-05-10,14,6133.725,136.19,0.9477362041331284,0.9087574596763625,C:\Users\bulio\Desktop\IDC\ultimate_simplify\data\grid_scenarios\nems_singapore\raw\USEP_May-2026.csv
2026-05-10,15,6301.734,154.16,0.9736956679043609,0.9336492557778776,C:\Users\bulio\Desktop\IDC\ultimate_simplify\data\grid_scenarios\nems_singapore\raw\USEP_May-2026.csv
2026-05-10,16,6416.157999999999,161.76,0.9913755879238806,0.9506020313858495,C:\Users\bulio\Desktop\IDC\ultimate_simplify\data\grid_scenarios\nems_singapore\raw\USEP_May-2026.csv
2026-05-10,17,6803.0555,172.795,1.0511560260815414,1.0079238039229514,C:\Users\bulio\Desktop\IDC\ultimate_simplify\data\grid_scenarios\nems_singapore\raw\USEP_May-2026.csv
2026-05-10,18,7096.8369999999995,176.07999999999998,1.096548893165497,1.0514497412024857,C:\Users\bulio\Desktop\IDC\ultimate_simplify\data\grid_scenarios\nems_singapore\raw\USEP_May-2026.csv
2026-05-10,19,7244.826,176.42000000000002,1.1194150198851425,1.0733754238341728,C:\Users\bulio\Desktop\IDC\ultimate_simplify\data\grid_scenarios\nems_singapore\raw\USEP_May-2026.csv
2026-05-10,20,7302.9580000000005,176.58499999999998,1.1283971312479226,1.0819881165528564,C:\Users\bulio\Desktop\IDC\ultimate_simplify\data\grid_scenarios\nems_singapore\raw\USEP_May-2026.csv
2026-05-10,21,7214.583500000001,176.275,1.1147421804354614,1.0688947701572862,C:\Users\bulio\Desktop\IDC\ultimate_simplify\data\grid_scenarios\nems_singapore\raw\USEP_May-2026.csv
2026-05-10,22,6980.422500000001,176.10000000000002,1.0785614163327315,1.0342020580589648,C:\Users\bulio\Desktop\IDC\ultimate_simplify\data\grid_scenarios\nems_singapore\raw\USEP_May-2026.csv
2026-05-10,23,6798.8605,176.19,1.0505078468142381,1.0073022831434346,C:\Users\bulio\Desktop\IDC\ultimate_simplify\data\grid_scenarios\nems_singapore\raw\USEP_May-2026.csv
2026-05-11,0,6602.8015,177.57,0.9500062325200742,0.9782546687188087,C:\Users\bulio\Desktop\IDC\ultimate_simplify\data\grid_scenarios\nems_singapore\raw\USEP_May-2026.csv
2026-05-11,1,6296.299,175.34,0.9059068778320705,0.9328440196785511,C:\Users\bulio\Desktop\IDC\ultimate_simplify\data\grid_scenarios\nems_singapore\raw\USEP_May-2026.csv
2026-05-11,2,6156.928,172.975,0.8858542806681915,0.9121951585195401,C:\Users\bulio\Desktop\IDC\ultimate_simplify\data\grid_scenarios\nems_singapore\raw\USEP_May-2026.csv
2026-05-11,3,6065.450500000001,170.96,0.8726925651243645,0.8986420793518984,C:\Users\bulio\Desktop\IDC\ultimate_simplify\data\grid_scenarios\nems_singapore\raw\USEP_May-2026.csv
2026-05-11,4,6066.6085,170.98000000000002,0.8728591773142444,0.8988136457553979,C:\Users\bulio\Desktop\IDC\ultimate_simplify\data\grid_scenarios\nems_singapore\raw\USEP_May-2026.csv
2026-05-11,5,6265.2735,175.07999999999998,0.9014429516687515,0.9282473586666556,C:\Users\bulio\Desktop\IDC\ultimate_simplify\data\grid_scenarios\nems_singapore\raw\USEP_May-2026.csv
2026-05-11,6,6637.4619999999995,176.335,0.9549931598148388,0.9833898823012749,C:\Users\bulio\Desktop\IDC\ultimate_simplify\data\grid_scenarios\nems_singapore\raw\USEP_May-2026.csv
2026-05-11,7,7046.555,177.21499999999997,1.013853160328308,1.0440000849842095,C:\Users\bulio\Desktop\IDC\ultimate_simplify\data\grid_scenarios\nems_singapore\raw\USEP_May-2026.csv
2026-05-11,8,7217.061,176.55,1.0383854384351188,1.0692618304031152,C:\Users\bulio\Desktop\IDC\ultimate_simplify\data\grid_scenarios\nems_singapore\raw\USEP_May-2026.csv
2026-05-11,9,7181.664500000001,177.225,1.0332926160006723,1.0640175728888912,C:\Users\bulio\Desktop\IDC\ultimate_simplify\data\grid_scenarios\nems_singapore\raw\USEP_May-2026.csv
2026-05-11,10,7231.2275,182.625,1.0404237040550979,1.0713607038531812,C:\Users\bulio\Desktop\IDC\ultimate_simplify\data\grid_scenarios\nems_singapore\raw\USEP_May-2026.csv
2026-05-11,11,7098.38,176.60500000000002,1.0213097032821363,1.051678348249636,C:\Users\bulio\Desktop\IDC\ultimate_simplify\data\grid_scenarios\nems_singapore\raw\USEP_May-2026.csv
2026-05-11,12,7060.74,179.945,1.0158940877147056,1.0461016993483208,C:\Users\bulio\Desktop\IDC\ultimate_simplify\data\grid_scenarios\nems_singapore\raw\USEP_May-2026.csv
2026-05-11,13,6988.6625,176.39,1.0055236299287997,1.0354228759906021,C:\Users\bulio\Desktop\IDC\ultimate_simplify\data\grid_scenarios\nems_singapore\raw\USEP_May-2026.csv
2026-05-11,14,6708.5035,167.06,0.965214558681301,0.9939152144724431,C:\Users\bulio\Desktop\IDC\ultimate_simplify\data\grid_scenarios\nems_singapore\raw\USEP_May-2026.csv
2026-05-11,15,6942.4685,169.15,0.9988772711210978,1.0285788876976334,C:\Users\bulio\Desktop\IDC\ultimate_simplify\data\grid_scenarios\nems_singapore\raw\USEP_May-2026.csv
2026-05-11,16,7268.352,178.10500000000002,1.0457651498609715,1.0768609775550106,C:\Users\bulio\Desktop\IDC\ultimate_simplify\data\grid_scenarios\nems_singapore\raw\USEP_May-2026.csv
2026-05-11,17,7516.1630000000005,176.58499999999998,1.0814200146160353,1.1135760397463967,C:\Users\bulio\Desktop\IDC\ultimate_simplify\data\grid_scenarios\nems_singapore\raw\USEP_May-2026.csv
2026-05-11,18,7618.811,177.64,1.096188933499288,1.128784112446242,C:\Users\bulio\Desktop\IDC\ultimate_simplify\data\grid_scenarios\nems_singapore\raw\USEP_May-2026.csv
2026-05-11,19,7679.1895,179.95999999999998,1.1048761477537548,1.1377296410245643,C:\Users\bulio\Desktop\IDC\ultimate_simplify\data\grid_scenarios\nems_singapore\raw\USEP_May-2026.csv
2026-05-11,20,7633.1075,181.865,1.0982459034238305,1.1309022463733849,C:\Users\bulio\Desktop\IDC\ultimate_simplify\data\grid_scenarios\nems_singapore\raw\USEP_May-2026.csv
2026-05-11,21,7467.9169999999995,181.02499999999998,1.0744784155547635,1.1064280322306463,C:\Users\bulio\Desktop\IDC\ultimate_simplify\data\grid_scenarios\nems_singapore\raw\USEP_May-2026.csv
2026-05-11,22,7170.2785,176.595,1.031654406679451,1.062330651411995,C:\Users\bulio\Desktop\IDC\ultimate_simplify\data\grid_scenarios\nems_singapore\raw\USEP_May-2026.csv
2026-05-11,23,6886.6185000000005,176.525,0.9908416141221338,1.020304290430406,C:\Users\bulio\Desktop\IDC\ultimate_simplify\data\grid_scenarios\nems_singapore\raw\USEP_May-2026.csv
2026-05-12,0,6579.8775000000005,176.44,0.9365679794150008,0.9748583058225883,C:\Users\bulio\Desktop\IDC\ultimate_simplify\data\grid_scenarios\nems_singapore\raw\USEP_May-2026.csv
2026-05-12,1,6373.639999999999,176.445,0.9072125030167545,0.9443026701216064,C:\Users\bulio\Desktop\IDC\ultimate_simplify\data\grid_scenarios\nems_singapore\raw\USEP_May-2026.csv
2026-05-12,2,6248.4305,176.32,0.8893904070250644,0.9257519416250816,C:\Users\bulio\Desktop\IDC\ultimate_simplify\data\grid_scenarios\nems_singapore\raw\USEP_May-2026.csv
2026-05-12,3,6174.0525,176.245,0.8788035757089906,0.9147322819018613,C:\Users\bulio\Desktop\IDC\ultimate_simplify\data\grid_scenarios\nems_singapore\raw\USEP_May-2026.csv
2026-05-12,4,6183.955,176.13,0.8802130798245547,0.916199411703808,C:\Users\bulio\Desktop\IDC\ultimate_simplify\data\grid_scenarios\nems_singapore\raw\USEP_May-2026.csv
2026-05-12,5,6394.2235,177.305,0.9101423215436631,0.9473522703516867,C:\Users\bulio\Desktop\IDC\ultimate_simplify\data\grid_scenarios\nems_singapore\raw\USEP_May-2026.csv
2026-05-12,6,6781.157,177.37,0.9652177429725536,1.0046793765593636,C:\Users\bulio\Desktop\IDC\ultimate_simplify\data\grid_scenarios\nems_singapore\raw\USEP_May-2026.csv
2026-05-12,7,7187.4349999999995,181.51999999999998,1.0230466258872837,1.0648725158348271,C:\Users\bulio\Desktop\IDC\ultimate_simplify\data\grid_scenarios\nems_singapore\raw\USEP_May-2026.csv
2026-05-12,8,7364.7375,181.41,1.048283546205364,1.09114121381106,C:\Users\bulio\Desktop\IDC\ultimate_simplify\data\grid_scenarios\nems_singapore\raw\USEP_May-2026.csv
2026-05-12,9,7385.487499999999,177.41,1.0512370640440867,1.09421548226755,C:\Users\bulio\Desktop\IDC\ultimate_simplify\data\grid_scenarios\nems_singapore\raw\USEP_May-2026.csv
2026-05-12,10,7341.6295,196.85000000000002,1.0449943948695948,1.0877175899318998,C:\Users\bulio\Desktop\IDC\ultimate_simplify\data\grid_scenarios\nems_singapore\raw\USEP_May-2026.csv
2026-05-12,11,7124.91,174.62,1.014146929363614,1.0556089671484639,C:\Users\bulio\Desktop\IDC\ultimate_simplify\data\grid_scenarios\nems_singapore\raw\USEP_May-2026.csv
2026-05-12,12,6953.8225,223.325,0.9897946410150598,1.0302610681340183,C:\Users\bulio\Desktop\IDC\ultimate_simplify\data\grid_scenarios\nems_singapore\raw\USEP_May-2026.csv
2026-05-12,13,7170.7435,263.29499999999996,1.0206707876701733,1.0623995446569234,C:\Users\bulio\Desktop\IDC\ultimate_simplify\data\grid_scenarios\nems_singapore\raw\USEP_May-2026.csv
2026-05-12,14,7069.02,197.465,1.00619164685729,1.0473284435805974,C:\Users\bulio\Desktop\IDC\ultimate_simplify\data\grid_scenarios\nems_singapore\raw\USEP_May-2026.csv
2026-05-12,15,7373.5145,271.755,1.0495328486665914,1.0924415923287765,C:\Users\bulio\Desktop\IDC\ultimate_simplify\data\grid_scenarios\nems_singapore\raw\USEP_May-2026.csv
2026-05-12,16,7457.7165,179.23000000000002,1.0615180105488151,1.104916751488939,C:\Users\bulio\Desktop\IDC\ultimate_simplify\data\grid_scenarios\nems_singapore\raw\USEP_May-2026.csv
2026-05-12,17,7398.647999999999,172.935,1.0531103060448823,1.0961653092565447,C:\Users\bulio\Desktop\IDC\ultimate_simplify\data\grid_scenarios\nems_singapore\raw\USEP_May-2026.csv
2026-05-12,18,7622.9515,185.975,1.0850372645286404,1.1293975586411384,C:\Users\bulio\Desktop\IDC\ultimate_simplify\data\grid_scenarios\nems_singapore\raw\USEP_May-2026.csv
2026-05-12,19,7630.5875,238.92000000000002,1.0861241590932904,1.1305288894331267,C:\Users\bulio\Desktop\IDC\ultimate_simplify\data\grid_scenarios\nems_singapore\raw\USEP_May-2026.csv
2026-05-12,20,7560.722,228.16500000000002,1.0761796289457581,1.1201777905007457,C:\Users\bulio\Desktop\IDC\ultimate_simplify\data\grid_scenarios\nems_singapore\raw\USEP_May-2026.csv
2026-05-12,21,7360.4130000000005,208.18,1.0476680046201323,1.0905005066332243,C:\Users\bulio\Desktop\IDC\ultimate_simplify\data\grid_scenarios\nems_singapore\raw\USEP_May-2026.csv
2026-05-12,22,7058.9235,181.84,1.0047545291291615,1.0458325712205514,C:\Users\bulio\Desktop\IDC\ultimate_simplify\data\grid_scenarios\nems_singapore\raw\USEP_May-2026.csv
2026-05-12,23,6815.893,181.685,0.9701620030036802,1.009825776034286,C:\Users\bulio\Desktop\IDC\ultimate_simplify\data\grid_scenarios\nems_singapore\raw\USEP_May-2026.csv
2026-05-13,0,6726.9275,214.035,0.9566502828683987,0.9966448685467744,C:\Users\bulio\Desktop\IDC\ultimate_simplify\data\grid_scenarios\nems_singapore\raw\USEP_May-2026.csv
2026-05-13,1,6429.7985,189.215,0.9143949527940959,0.9526229739825124,C:\Users\bulio\Desktop\IDC\ultimate_simplify\data\grid_scenarios\nems_singapore\raw\USEP_May-2026.csv
2026-05-13,2,6266.668,176.47,0.8911958267488898,0.9284539643226832,C:\Users\bulio\Desktop\IDC\ultimate_simplify\data\grid_scenarios\nems_singapore\raw\USEP_May-2026.csv
2026-05-13,3,6195.092500000001,176.335,0.8810169267501242,0.9178495160379844,C:\Users\bulio\Desktop\IDC\ultimate_simplify\data\grid_scenarios\nems_singapore\raw\USEP_May-2026.csv
2026-05-13,4,6187.0165,176.335,0.8798684220747808,0.9166529959389668,C:\Users\bulio\Desktop\IDC\ultimate_simplify\data\grid_scenarios\nems_singapore\raw\USEP_May-2026.csv
2026-05-13,5,6356.2375,181.45,0.9039336907308312,0.9417243589498442,C:\Users\bulio\Desktop\IDC\ultimate_simplify\data\grid_scenarios\nems_singapore\raw\USEP_May-2026.csv
2026-05-13,6,6716.0779999999995,184.185,0.9551073530175892,0.9950374335771989,C:\Users\bulio\Desktop\IDC\ultimate_simplify\data\grid_scenarios\nems_singapore\raw\USEP_May-2026.csv
2026-05-13,7,7103.827499999999,189.39499999999998,1.0102500119591462,1.052485436317912,C:\Users\bulio\Desktop\IDC\ultimate_simplify\data\grid_scenarios\nems_singapore\raw\USEP_May-2026.csv
2026-05-13,8,7361.1765,196.87,1.0468481458985859,1.0906136248966716,C:\Users\bulio\Desktop\IDC\ultimate_simplify\data\grid_scenarios\nems_singapore\raw\USEP_May-2026.csv
2026-05-13,9,7179.4259999999995,182.54,1.0210010311145372,1.06368592228938,C:\Users\bulio\Desktop\IDC\ultimate_simplify\data\grid_scenarios\nems_singapore\raw\USEP_May-2026.csv
2026-05-13,10,7320.45,202.26999999999998,1.0410563460396993,1.0845796878222984,C:\Users\bulio\Desktop\IDC\ultimate_simplify\data\grid_scenarios\nems_singapore\raw\USEP_May-2026.csv
2026-05-13,11,7595.111999999999,290.69,1.080116597542811,1.1252729274751405,C:\Users\bulio\Desktop\IDC\ultimate_simplify\data\grid_scenarios\nems_singapore\raw\USEP_May-2026.csv
2026-05-13,12,7220.908,206.46,1.0269002721921239,1.0698317923670728,C:\Users\bulio\Desktop\IDC\ultimate_simplify\data\grid_scenarios\nems_singapore\raw\USEP_May-2026.csv
2026-05-13,13,7180.675499999999,193.195,1.0211787250956963,1.0638710451055913,C:\Users\bulio\Desktop\IDC\ultimate_simplify\data\grid_scenarios\nems_singapore\raw\USEP_May-2026.csv
2026-05-13,14,7223.8325,186.82,1.027316171390123,1.070265079022543,C:\Users\bulio\Desktop\IDC\ultimate_simplify\data\grid_scenarios\nems_singapore\raw\USEP_May-2026.csv
2026-05-13,15,7199.3009999999995,179.325,1.0238274960009224,1.0666305529193916,C:\Users\bulio\Desktop\IDC\ultimate_simplify\data\grid_scenarios\nems_singapore\raw\USEP_May-2026.csv
2026-05-13,16,7205.521,174.58499999999998,1.0247120550748001,1.0675520926687587,C:\Users\bulio\Desktop\IDC\ultimate_simplify\data\grid_scenarios\nems_singapore\raw\USEP_May-2026.csv
2026-05-13,17,7255.2235,171.62,1.0317803504718095,1.0749158916065273,C:\Users\bulio\Desktop\IDC\ultimate_simplify\data\grid_scenarios\nems_singapore\raw\USEP_May-2026.csv
2026-05-13,18,7493.013,181.415,1.0655968874328716,1.1101461932515657,C:\Users\bulio\Desktop\IDC\ultimate_simplify\data\grid_scenarios\nems_singapore\raw\USEP_May-2026.csv
2026-05-13,19,7644.103499999999,193.10500000000002,1.0870837801582247,1.1325313864190505,C:\Users\bulio\Desktop\IDC\ultimate_simplify\data\grid_scenarios\nems_singapore\raw\USEP_May-2026.csv
2026-05-13,20,7584.1900000000005,191.07,1.0785633573169446,1.123654751085657,C:\Users\bulio\Desktop\IDC\ultimate_simplify\data\grid_scenarios\nems_singapore\raw\USEP_May-2026.csv
2026-05-13,21,7414.338,183.43,1.0544083528448787,1.098489900682199,C:\Users\bulio\Desktop\IDC\ultimate_simplify\data\grid_scenarios\nems_singapore\raw\USEP_May-2026.csv
2026-05-13,22,7120.733,176.485,1.0126541781043934,1.0549901132042345,C:\Users\bulio\Desktop\IDC\ultimate_simplify\data\grid_scenarios\nems_singapore\raw\USEP_May-2026.csv
2026-05-13,23,6782.3975,174.95499999999998,0.9645387863777215,1.0048631659579312,C:\Users\bulio\Desktop\IDC\ultimate_simplify\data\grid_scenarios\nems_singapore\raw\USEP_May-2026.csv
2026-05-14,0,6378.098,167.55,0.9248159874225218,0.9449631563278249,C:\Users\bulio\Desktop\IDC\ultimate_simplify\data\grid_scenarios\nems_singapore\raw\USEP_May-2026.csv
2026-05-14,1,6281.238,176.16,0.9107714122934245,0.9306126193304453,C:\Users\bulio\Desktop\IDC\ultimate_simplify\data\grid_scenarios\nems_singapore\raw\USEP_May-2026.csv
2026-05-14,2,6166.818,176.045,0.8941806598024962,0.9136604363525372,C:\Users\bulio\Desktop\IDC\ultimate_simplify\data\grid_scenarios\nems_singapore\raw\USEP_May-2026.csv
2026-05-14,3,6095.919,176.04,0.8839003962047481,0.9031562166273955,C:\Users\bulio\Desktop\IDC\ultimate_simplify\data\grid_scenarios\nems_singapore\raw\USEP_May-2026.csv
2026-05-14,4,6119.0815,176.175,0.8872589288438946,0.9065879150911763,C:\Users\bulio\Desktop\IDC\ultimate_simplify\data\grid_scenarios\nems_singapore\raw\USEP_May-2026.csv
2026-05-14,5,6336.7845,176.81,0.9188255831834555,0.9388422507915741,C:\Users\bulio\Desktop\IDC\ultimate_simplify\data\grid_scenarios\nems_singapore\raw\USEP_May-2026.csv
2026-05-14,6,6731.721,182.70999999999998,0.9760908665354351,0.9973550615996025,C:\Users\bulio\Desktop\IDC\ultimate_simplify\data\grid_scenarios\nems_singapore\raw\USEP_May-2026.csv
2026-05-14,7,7149.192999999999,199.26,1.036623768334883,1.059206676108895,C:\Users\bulio\Desktop\IDC\ultimate_simplify\data\grid_scenarios\nems_singapore\raw\USEP_May-2026.csv
2026-05-14,8,7389.6445,197.70499999999998,1.071488925847315,1.09483137306146,C:\Users\bulio\Desktop\IDC\ultimate_simplify\data\grid_scenarios\nems_singapore\raw\USEP_May-2026.csv
2026-05-14,9,7251.024,182.65,1.0513891320554192,1.0742937041181886,C:\Users\bulio\Desktop\IDC\ultimate_simplify\data\grid_scenarios\nems_singapore\raw\USEP_May-2026.csv
2026-05-14,10,7030.184,176.65,1.0193676167600458,1.0415745982901758,C:\Users\bulio\Desktop\IDC\ultimate_simplify\data\grid_scenarios\nems_singapore\raw\USEP_May-2026.csv
2026-05-14,11,6801.6115,175.665,0.9862248989333309,1.007709864469883,C:\Users\bulio\Desktop\IDC\ultimate_simplify\data\grid_scenarios\nems_singapore\raw\USEP_May-2026.csv
2026-05-14,12,6656.2145,173.565,0.9651425213776282,0.9861682061196041,C:\Users\bulio\Desktop\IDC\ultimate_simplify\data\grid_scenarios\nems_singapore\raw\USEP_May-2026.csv
2026-05-14,13,6545.304,167.60500000000002,0.949060641862289,0.9697359819440118,C:\Users\bulio\Desktop\IDC\ultimate_simplify\data\grid_scenarios\nems_singapore\raw\USEP_May-2026.csv
2026-05-14,14,6857.6605,175.475,0.9943519316755441,1.0160139450827896,C:\Users\bulio\Desktop\IDC\ultimate_simplify\data\grid_scenarios\nems_singapore\raw\USEP_May-2026.csv
2026-05-14,15,6796.9295,173.215,0.9855460149693165,1.007016190980086,C:\Users\bulio\Desktop\IDC\ultimate_simplify\data\grid_scenarios\nems_singapore\raw\USEP_May-2026.csv
2026-05-14,16,7171.439,176.835,1.0398494096555717,1.0625025882092844,C:\Users\bulio\Desktop\IDC\ultimate_simplify\data\grid_scenarios\nems_singapore\raw\USEP_May-2026.csv
2026-05-14,17,7283.11,176.67000000000002,1.056041560690482,1.079047486175776,C:\Users\bulio\Desktop\IDC\ultimate_simplify\data\grid_scenarios\nems_singapore\raw\USEP_May-2026.csv
2026-05-14,18,7517.848,182.83499999999998,1.0900782680686987,1.1138256851608153,C:\Users\bulio\Desktop\IDC\ultimate_simplify\data\grid_scenarios\nems_singapore\raw\USEP_May-2026.csv
2026-05-14,19,7658.072,189.115,1.110410567293379,1.1346009246809532,C:\Users\bulio\Desktop\IDC\ultimate_simplify\data\grid_scenarios\nems_singapore\raw\USEP_May-2026.csv
2026-05-14,20,7643.02,190.505,1.1082280466982608,1.1323708577504912,C:\Users\bulio\Desktop\IDC\ultimate_simplify\data\grid_scenarios\nems_singapore\raw\USEP_May-2026.csv
2026-05-14,21,7496.9615,190.765,1.0870497524953568,1.1107311932033948,C:\Users\bulio\Desktop\IDC\ultimate_simplify\data\grid_scenarios\nems_singapore\raw\USEP_May-2026.csv
2026-05-14,22,7213.1895,179.765,1.0459031783312622,1.0686882385800165,C:\Users\bulio\Desktop\IDC\ultimate_simplify\data\grid_scenarios\nems_singapore\raw\USEP_May-2026.csv
2026-05-14,23,6947.6475,179.765,1.0073999306652415,1.0293461954728702,C:\Users\bulio\Desktop\IDC\ultimate_simplify\data\grid_scenarios\nems_singapore\raw\USEP_May-2026.csv
