"INFORMATION TYPE","DATE","PERIOD","USEP ($/MWh)","LCP ($/MWh)","DEMAND (MW)","SOLAR(MW)","TCL (MW)","RUSEP ($/MWh)","MAP ($/MWh)","MAPT ($/MWh)","TPC Applied"
"USEP","01-May-2026","1","300.36","0.00","6777.882","0.00","0.000","300.36","222.13","729.84","No"
"USEP","01-May-2026","2","289.28","0.00","6662.116","0.00","0.000","289.28","223.96","729.84","No"
"USEP","01-May-2026","3","227.22","0.00","6490.576","0.00","0.000","227.22","224.50","729.84","No"
"USEP","01-May-2026","4","182.66","0.00","6393.537","0.00","0.000","182.66","224.41","729.84","No"
"USEP","01-May-2026","5","182.53","0.00","6312.844","0.00","0.000","182.53","224.32","729.84","No"
"USEP","01-May-2026","6","199.62","0.00","6247.270","0.00","0.000","199.62","224.64","729.84","No"
"USEP","01-May-2026","7","169.60","0.00","6183.212","0.00","0.000","169.60","224.32","729.84","No"
"USEP","01-May-2026","8","161.85","0.00","6142.120","0.00","0.000","161.85","223.85","729.84","No"
"USEP","01-May-2026","9","167.58","0.00","6115.177","0.00","0.000","167.58","223.64","729.84","No"
"USEP","01-May-2026","10","167.55","0.00","6106.405","0.00","0.000","167.55","223.24","729.84","No"
"USEP","01-May-2026","11","174.57","0.00","6133.124","0.00","0.000","174.57","222.68","729.84","No"
"USEP","01-May-2026","12","182.94","0.00","6192.625","0.00","0.000","182.94","222.34","729.84","No"
"USEP","01-May-2026","13","177.93","0.00","6253.309","0.00","0.000","177.93","221.89","729.84","No"
"USEP","01-May-2026","14","181.96","0.00","6331.815","0.00","0.000","181.96","221.53","729.84","No"
"USEP","01-May-2026","15","213.79","0.00","6402.458","9.04","0.000","213.79","221.83","729.84","No"
"USEP","01-May-2026","16","199.43","0.00","6459.007","27.98","0.000","199.43","221.33","729.84","No"
"USEP","01-May-2026","17","181.96","0.00","6544.899","91.61","0.000","181.96","220.68","729.84","No"
"USEP","01-May-2026","18","169.40","0.00","6454.713","284.26","0.000","169.40","220.18","729.84","No"
"USEP","01-May-2026","19","167.62","0.00","6430.479","408.40","0.000","167.62","219.68","729.84","No"
"USEP","01-May-2026","20","169.46","0.00","6503.439","425.99","0.000","169.46","219.53","729.84","No"
"USEP","01-May-2026","21","161.42","0.00","6340.020","665.71","0.000","161.42","219.11","729.84","No"
"USEP","01-May-2026","22","151.40","0.00","6274.391","790.55","0.000","151.40","218.27","729.84","No"
"USEP","01-May-2026","23","166.63","0.00","6355.641","745.33","0.000","166.63","218.24","729.84","No"
"USEP","01-May-2026","24","161.40","0.00","6227.276","862.94","0.000","161.40","217.62","729.84","No"
"USEP","01-May-2026","25","213.06","0.00","6662.891","379.12","0.000","213.06","217.96","729.84","No"
"USEP","01-May-2026","26","213.04","0.00","6613.828","422.52","0.000","213.04","218.85","729.84","No"
"USEP","01-May-2026","27","155.37","0.00","6093.637","867.80","0.000","155.37","218.58","729.84","No"
"USEP","01-May-2026","28","138.86","0.00","5900.613","1035.81","0.000","138.86","217.98","729.84","No"
"USEP","01-May-2026","29","161.39","0.00","6307.810","661.94","0.000","161.39","217.84","729.84","No"
"USEP","01-May-2026","30","155.77","0.00","6218.444","704.83","0.000","155.77","217.23","729.84","No"
"USEP","01-May-2026","31","161.46","0.00","6356.819","544.11","0.000","161.46","216.49","729.84","No"
"USEP","01-May-2026","32","161.90","0.00","6454.947","473.36","0.000","161.90","214.67","729.84","No"
"USEP","01-May-2026","33","167.55","0.00","6548.378","450.88","0.000","167.55","212.92","729.84","No"
"USEP","01-May-2026","34","167.54","0.00","6573.551","444.81","0.000","167.54","203.82","729.84","No"
"USEP","01-May-2026","35","167.53","0.00","6686.076","331.68","0.000","167.53","199.73","729.84","No"
"USEP","01-May-2026","36","167.55","0.00","6736.199","265.16","0.000","167.55","195.93","729.84","No"
"USEP","01-May-2026","37","167.93","0.00","6872.645","173.80","0.000","167.93","194.09","729.84","No"
"USEP","01-May-2026","38","169.51","0.00","7016.964","77.70","0.000","169.51","192.43","729.84","No"
"USEP","01-May-2026","39","170.38","0.00","7134.688","0.99","0.000","170.38","190.65","729.84","No"
"USEP","01-May-2026","40","174.81","0.00","7179.254","0.00","0.000","174.81","188.95","729.84","No"
"USEP","01-May-2026","41","174.82","0.00","7183.583","0.00","0.000","174.82","187.13","729.84","No"
"USEP","01-May-2026","42","174.82","0.00","7169.319","0.00","0.000","174.82","185.43","729.84","No"
"USEP","01-May-2026","43","169.56","0.00","7106.369","0.00","0.000","169.56","183.77","729.84","No"
"USEP","01-May-2026","44","167.82","0.00","6985.931","0.00","0.000","167.82","182.74","729.84","No"
"USEP","01-May-2026","45","167.56","0.00","6839.943","0.00","0.000","167.56","182.09","729.84","No"
"USEP","01-May-2026","46","161.99","0.00","6707.741","0.00","0.000","161.99","181.57","729.84","No"
"USEP","01-May-2026","47","164.38","0.00","6620.815","0.00","0.000","164.38","181.32","729.84","No"
"USEP","01-May-2026","48","167.92","0.00","6597.094","0.00","0.000","167.92","178.56","729.84","No"
"USEP","02-May-2026","1","170.45","0.00","6533.393","0.00","0.000","170.45","175.85","729.84","No"
"USEP","02-May-2026","2","169.48","0.00","6370.799","0.00","0.000","169.48","173.35","729.84","No"
"USEP","02-May-2026","3","167.62","0.00","6193.967","0.00","0.000","167.62","172.11","729.84","No"
"USEP","02-May-2026","4","167.59","0.00","6112.747","0.00","0.000","167.59","171.80","729.84","No"
"USEP","02-May-2026","5","167.59","0.00","6047.953","0.00","0.000","167.59","171.49","729.84","No"
"USEP","02-May-2026","6","167.57","0.00","5992.016","0.00","0.000","167.57","170.82","729.84","No"
"USEP","02-May-2026","7","167.54","0.00","5950.382","0.00","0.000","167.54","170.78","729.84","No"
"USEP","02-May-2026","8","167.45","0.00","5916.005","0.00","0.000","167.45","170.89","729.84","No"
"USEP","02-May-2026","9","167.45","0.00","5904.415","0.00","0.000","167.45","170.89","729.84","No"
"USEP","02-May-2026","10","167.41","0.00","5901.696","0.00","0.000","167.41","170.89","729.84","No"
"USEP","02-May-2026","11","167.47","0.00","5934.329","0.00","0.000","167.47","170.74","729.84","No"
"USEP","02-May-2026","12","167.69","0.00","6006.429","0.00","0.000","167.69","170.42","729.84","No"
"USEP","02-May-2026","13","168.94","0.00","6095.934","0.00","0.000","168.94","170.23","729.84","No"
"USEP","02-May-2026","14","169.43","0.00","6199.757","0.00","0.000","169.43","169.97","729.84","No"
"USEP","02-May-2026","15","169.44","0.00","6322.923","7.83","0.000","169.44","169.05","729.84","No"
"USEP","02-May-2026","16","179.75","0.00","6472.938","26.71","0.000","179.75","168.64","729.84","No"
"USEP","02-May-2026","17","179.76","0.00","6575.737","114.26","0.000","179.76","168.59","729.84","No"
"USEP","02-May-2026","18","169.48","0.00","6530.088","299.68","0.000","169.48","168.60","729.84","No"
"USEP","02-May-2026","19","169.00","0.00","6497.306","458.60","0.000","169.00","168.62","729.84","No"
"USEP","02-May-2026","20","167.52","0.00","6406.469","666.45","0.000","167.52","168.58","729.84","No"
"USEP","02-May-2026","21","161.52","0.00","6395.172","798.86","0.000","161.52","168.59","729.84","No"
"USEP","02-May-2026","22","161.47","0.00","6476.049","814.15","0.000","161.47","168.80","729.84","No"
"USEP","02-May-2026","23","167.55","0.00","6492.574","853.47","0.000","167.55","168.81","729.84","No"
"USEP","02-May-2026","24","161.52","0.00","6341.258","983.94","0.000","161.52","168.82","729.84","No"
"USEP","02-May-2026","25","156.05","0.00","6188.888","1126.33","0.000","156.05","167.63","729.84","No"
"USEP","02-May-2026","26","161.51","0.00","6221.262","1056.96","0.000","161.51","166.56","729.84","No"
"USEP","02-May-2026","27","156.07","0.00","6265.127","1045.44","0.000","156.07","166.57","729.84","No"
"USEP","02-May-2026","28","151.66","0.00","6248.607","1103.86","0.000","151.66","166.84","729.84","No"
"USEP","02-May-2026","29","150.87","0.00","6226.729","1081.07","0.000","150.87","166.62","729.84","No"
"USEP","02-May-2026","30","140.41","0.00","6134.327","1096.52","0.000","140.41","166.30","729.84","No"
"USEP","02-May-2026","31","140.90","0.00","6177.054","1016.92","0.000","140.90","165.87","729.84","No"
"USEP","02-May-2026","32","161.39","0.00","6480.328","802.25","0.000","161.39","165.86","729.84","No"
"USEP","02-May-2026","33","161.49","0.00","6549.585","717.78","0.000","161.49","165.73","729.84","No"
"USEP","02-May-2026","34","164.28","0.00","6673.100","521.06","0.000","164.28","165.66","729.84","No"
"USEP","02-May-2026","35","167.86","0.00","6856.846","272.40","0.000","167.86","165.67","729.84","No"
"USEP","02-May-2026","36","167.83","0.00","6853.953","183.14","0.000","167.83","165.68","729.84","No"
"USEP","02-May-2026","37","167.83","0.00","6925.188","137.69","0.000","167.83","165.68","729.84","No"
"USEP","02-May-2026","38","167.88","0.00","7041.690","46.57","0.000","167.88","165.64","729.84","No"
"USEP","02-May-2026","39","167.90","0.00","7107.940","0.76","0.000","167.90","165.59","729.84","No"
"USEP","02-May-2026","40","167.88","0.00","7154.270","0.00","0.000","167.88","165.45","729.84","No"
"USEP","02-May-2026","41","169.56","0.00","7184.180","0.00","0.000","169.56","165.34","729.84","No"
"USEP","02-May-2026","42","167.97","0.00","7186.173","0.00","0.000","167.97","165.19","729.84","No"
"USEP","02-May-2026","43","169.54","0.00","7167.719","0.00","0.000","169.54","165.19","729.84","No"
"USEP","02-May-2026","44","167.93","0.00","7087.528","0.00","0.000","167.93","165.19","729.84","No"
"USEP","02-May-2026","45","167.64","0.00","6972.999","0.00","0.000","167.64","165.20","729.84","No"
"USEP","02-May-2026","46","167.61","0.00","6857.044","0.00","0.000","167.61","165.31","729.84","No"
"USEP","02-May-2026","47","167.79","0.00","6753.221","0.00","0.000","167.79","165.38","729.84","No"
"USEP","02-May-2026","48","167.79","0.00","6643.747","0.00","0.000","167.79","165.38","729.84","No"
"USEP","03-May-2026","1","167.62","0.00","6514.010","0.00","0.000","167.62","165.32","729.84","No"
"USEP","03-May-2026","2","167.52","0.00","6390.918","0.00","0.000","167.52","165.28","729.84","No"
"USEP","03-May-2026","3","167.49","0.00","6274.158","0.00","0.000","167.49","165.28","729.84","No"
"USEP","03-May-2026","4","167.47","0.00","6184.996","0.00","0.000","167.47","165.28","729.84","No"
"USEP","03-May-2026","5","167.51","0.00","6117.379","0.00","0.000","167.51","165.28","729.84","No"
"USEP","03-May-2026","6","174.82","0.00","6059.081","0.00","0.000","174.82","165.43","729.84","No"
"USEP","03-May-2026","7","169.52","0.00","6007.945","0.00","0.000","169.52","165.47","729.84","No"
"USEP","03-May-2026","8","167.58","0.00","5965.749","0.00","0.000","167.58","165.47","729.84","No"
"USEP","03-May-2026","9","164.26","0.00","5944.438","0.00","0.000","164.26","165.40","729.84","No"
"USEP","03-May-2026","10","164.23","0.00","5941.168","0.00","0.000","164.23","165.34","729.84","No"
"USEP","03-May-2026","11","167.20","0.00","5968.403","0.00","0.000","167.20","165.33","729.84","No"
"USEP","03-May-2026","12","167.41","0.00","6028.381","0.00","0.000","167.41","165.33","729.84","No"
"USEP","03-May-2026","13","167.42","0.00","6095.909","0.00","0.000","167.42","165.29","729.84","No"
"USEP","03-May-2026","14","167.53","0.00","6173.833","0.00","0.000","167.53","165.25","729.84","No"
"USEP","03-May-2026","15","167.53","0.00","6245.068","7.86","0.000","167.53","165.22","729.84","No"
"USEP","03-May-2026","16","169.40","0.00","6302.069","26.38","0.000","169.40","165.00","729.84","No"
"USEP","03-May-2026","17","167.56","0.00","6319.400","139.19","0.000","167.56","164.75","729.84","No"
"USEP","03-May-2026","18","161.44","0.00","6239.393","342.63","0.000","161.44","164.58","729.84","No"
"USEP","03-May-2026","19","161.39","0.00","6211.586","481.04","0.000","161.39","164.42","729.84","No"
"USEP","03-May-2026","20","146.91","0.00","6129.675","654.19","0.000","146.91","163.99","729.84","No"
"USEP","03-May-2026","21","140.36","0.00","6074.642","816.60","0.000","140.36","163.55","729.84","No"
"USEP","03-May-2026","22","139.41","0.00","6071.998","903.82","0.000","139.41","163.09","729.84","No"
"USEP","03-May-2026","23","130.38","0.00","6011.265","1009.08","0.000","130.38","162.32","729.84","No"
"USEP","03-May-2026","24","131.51","0.00","6050.021","979.03","0.000","131.51","161.69","729.84","No"
"USEP","03-May-2026","25","134.74","0.00","6077.092","918.48","0.000","134.74","161.25","729.84","No"
"USEP","03-May-2026","26","128.80","0.00","5965.078","1028.72","0.000","128.80","160.56","729.84","No"
"USEP","03-May-2026","27","139.13","0.00","6153.212","835.40","0.000","139.13","160.21","729.84","No"
"USEP","03-May-2026","28","161.54","0.00","6278.745","671.11","0.000","161.54","160.42","729.84","No"
"USEP","03-May-2026","29","167.55","0.00","6395.371","519.35","0.000","167.55","160.76","729.84","No"
"USEP","03-May-2026","30","183.13","0.00","6597.591","293.68","0.000","183.13","161.65","729.84","No"
"USEP","03-May-2026","31","167.57","0.00","6447.362","406.10","0.000","167.57","162.21","729.84","No"
"USEP","03-May-2026","32","183.35","0.00","6653.493","218.14","0.000","183.35","162.67","729.84","No"
"USEP","03-May-2026","33","167.55","0.00","6644.796","308.17","0.000","167.55","162.79","729.84","No"
"USEP","03-May-2026","34","167.52","0.00","6653.508","316.36","0.000","167.52","162.86","729.84","No"
"USEP","03-May-2026","35","179.84","0.00","6692.413","256.36","0.000","179.84","163.11","729.84","No"
"USEP","03-May-2026","36","179.87","0.00","6700.803","218.26","0.000","179.87","163.36","729.84","No"
"USEP","03-May-2026","37","169.60","0.00","6786.247","159.54","0.000","169.60","163.40","729.84","No"
"USEP","03-May-2026","38","223.91","0.00","6919.925","72.23","0.000","223.91","164.57","729.84","No"
"USEP","03-May-2026","39","180.45","0.00","7031.472","1.71","0.000","180.45","164.83","729.84","No"
"USEP","03-May-2026","40","183.47","0.00","7091.136","0.00","0.000","183.47","165.15","729.84","No"
"USEP","03-May-2026","41","183.66","0.00","7130.141","0.00","0.000","183.66","165.45","729.84","No"
"USEP","03-May-2026","42","227.87","0.00","7153.415","0.00","0.000","227.87","166.69","729.84","No"
"USEP","03-May-2026","43","224.01","0.00","7116.936","0.00","0.000","224.01","167.83","729.84","No"
"USEP","03-May-2026","44","180.22","0.00","7004.534","0.00","0.000","180.22","168.09","729.84","No"
"USEP","03-May-2026","45","180.13","0.00","6861.145","0.00","0.000","180.13","168.35","729.84","No"
"USEP","03-May-2026","46","175.08","0.00","6716.557","0.00","0.000","175.08","168.50","729.84","No"
"USEP","03-May-2026","47","174.84","0.00","6626.103","0.00","0.000","174.84","168.65","729.84","No"
"USEP","03-May-2026","48","183.43","0.00","6598.435","0.00","0.000","183.43","168.97","729.84","No"
"USEP","04-May-2026","1","179.89","0.00","6532.702","0.00","0.000","179.89","169.23","729.84","No"
"USEP","04-May-2026","2","169.45","0.00","6350.129","0.00","0.000","169.45","169.27","729.84","No"
"USEP","04-May-2026","3","167.52","0.00","6175.404","0.00","0.000","167.52","169.27","729.84","No"
"USEP","04-May-2026","4","167.44","0.00","6098.806","0.00","0.000","167.44","169.27","729.84","No"
"USEP","04-May-2026","5","167.43","0.00","6038.903","0.00","0.000","167.43","169.27","729.84","No"
"USEP","04-May-2026","6","167.24","0.00","5983.497","0.00","0.000","167.24","169.11","729.84","No"
"USEP","04-May-2026","7","161.13","0.00","5935.283","0.00","0.000","161.13","168.94","729.84","No"
"USEP","04-May-2026","8","161.12","0.00","5901.284","0.00","0.000","161.12","168.80","729.84","No"
"USEP","04-May-2026","9","161.11","0.00","5904.698","0.00","0.000","161.11","168.73","729.84","No"
"USEP","04-May-2026","10","164.24","0.00","5934.294","0.00","0.000","164.24","168.74","729.84","No"
"USEP","04-May-2026","11","164.23","0.00","6027.770","0.00","0.000","164.23","168.67","729.84","No"
"USEP","04-May-2026","12","167.44","0.00","6180.568","0.00","0.000","167.44","168.67","729.84","No"
"USEP","04-May-2026","13","167.52","0.00","6366.431","0.00","0.000","167.52","168.68","729.84","No"
"USEP","04-May-2026","14","167.59","0.00","6575.370","0.00","0.000","167.59","168.68","729.84","No"
"USEP","04-May-2026","15","167.79","0.00","6792.131","8.18","0.000","167.79","168.68","729.84","No"
"USEP","04-May-2026","16","178.33","0.00","7019.722","26.92","0.000","178.33","168.87","729.84","No"
"USEP","04-May-2026","17","174.83","0.00","7160.930","149.85","0.000","174.83","169.02","729.84","No"
"USEP","04-May-2026","18","168.04","0.00","7139.599","337.02","0.000","168.04","169.16","729.84","No"
"USEP","04-May-2026","19","167.67","0.00","7083.885","502.77","0.000","167.67","169.29","729.84","No"
"USEP","04-May-2026","20","161.56","0.00","6986.135","677.03","0.000","161.56","169.59","729.84","No"
"USEP","04-May-2026","21","161.79","0.00","6968.288","779.95","0.000","161.79","170.04","729.84","No"
"USEP","04-May-2026","22","167.84","0.00","7060.129","748.86","0.000","167.84","170.63","729.84","No"
"USEP","04-May-2026","23","173.14","0.00","7134.614","684.32","0.000","173.14","171.52","729.84","No"
"USEP","04-May-2026","24","213.16","0.00","7272.338","485.55","0.000","213.16","173.22","729.84","No"
"USEP","04-May-2026","25","167.90","0.00","6904.866","792.15","0.000","167.90","173.92","729.84","No"
"USEP","04-May-2026","26","161.86","0.00","6877.834","853.53","0.000","161.86","174.60","729.84","No"
"USEP","04-May-2026","27","161.51","0.00","6781.958","1033.67","0.000","161.51","175.07","729.84","No"
"USEP","04-May-2026","28","156.92","0.00","6706.891","1140.38","0.000","156.92","174.97","729.84","No"
"USEP","04-May-2026","29","155.38","0.00","6644.433","1179.14","0.000","155.38","174.72","729.84","No"
"USEP","04-May-2026","30","155.50","0.00","6689.521","1129.09","0.000","155.50","174.14","729.84","No"
"USEP","04-May-2026","31","177.63","0.00","7232.061","665.74","0.000","177.63","174.35","729.84","No"
"USEP","04-May-2026","32","178.31","0.00","7297.993","637.88","0.000","178.31","174.25","729.84","No"
"USEP","04-May-2026","33","227.74","0.00","7465.283","447.43","0.000","227.74","175.50","729.84","No"
"USEP","04-May-2026","34","190.24","0.00","7436.203","337.22","0.000","190.24","175.98","729.84","No"
"USEP","04-May-2026","35","167.90","0.00","7304.697","346.01","0.000","167.90","175.73","729.84","No"
"USEP","04-May-2026","36","167.59","0.00","7194.304","346.13","0.000","167.59","175.47","729.84","No"
"USEP","04-May-2026","37","167.86","0.00","7278.321","218.88","0.000","167.86","175.44","729.84","No"
"USEP","04-May-2026","38","172.25","0.00","7422.456","79.75","0.000","172.25","174.36","729.84","No"
"USEP","04-May-2026","39","172.90","0.00","7505.038","2.10","0.000","172.90","174.20","729.84","No"
"USEP","04-May-2026","40","178.36","0.00","7522.512","0.00","0.000","178.36","174.10","729.84","No"
"USEP","04-May-2026","41","167.95","0.00","7514.039","0.00","0.000","167.95","173.77","729.84","No"
"USEP","04-May-2026","42","167.87","0.00","7475.745","0.00","0.000","167.87","172.52","729.84","No"
"USEP","04-May-2026","43","161.99","0.00","7395.037","0.00","0.000","161.99","171.23","729.84","No"
"USEP","04-May-2026","44","161.82","0.00","7243.074","0.00","0.000","161.82","170.84","729.84","No"
"USEP","04-May-2026","45","167.65","0.00","7062.623","0.00","0.000","167.65","170.58","729.84","No"
"USEP","04-May-2026","46","161.62","0.00","6908.623","0.00","0.000","161.62","170.30","729.84","No"
"USEP","04-May-2026","47","167.67","0.00","6765.184","0.00","0.000","167.67","170.15","729.84","No"
"USEP","04-May-2026","48","161.48","0.00","6532.951","0.00","0.000","161.48","169.70","729.84","No"
"USEP","05-May-2026","1","161.09","0.00","6305.901","0.00","0.000","161.09","169.30","729.84","No"
"USEP","05-May-2026","2","160.89","0.00","6186.358","0.00","0.000","160.89","169.13","729.84","No"
"USEP","05-May-2026","3","164.30","0.00","6185.314","0.00","0.000","164.30","169.06","729.84","No"
"USEP","05-May-2026","4","167.78","0.00","6112.419","0.00","0.000","167.78","169.07","729.84","No"
"USEP","05-May-2026","5","169.04","0.00","6045.771","0.00","0.000","169.04","169.10","729.84","No"
"USEP","05-May-2026","6","174.22","0.00","5992.110","0.00","0.000","174.22","169.24","729.84","No"
"USEP","05-May-2026","7","167.11","0.00","5954.945","0.00","0.000","167.11","169.37","729.84","No"
"USEP","05-May-2026","8","166.74","0.00","5931.173","0.00","0.000","166.74","169.49","729.84","No"
"USEP","05-May-2026","9","151.12","0.00","5936.720","0.00","0.000","151.12","169.28","729.84","No"
"USEP","05-May-2026","10","167.30","0.00","5973.488","0.00","0.000","167.30","169.34","729.84","No"
"USEP","05-May-2026","11","167.58","0.00","6060.731","0.00","0.000","167.58","169.41","729.84","No"
"USEP","05-May-2026","12","167.09","0.00","6228.971","0.00","0.000","167.09","169.40","729.84","No"
"USEP","05-May-2026","13","168.01","0.00","6426.016","0.00","0.000","168.01","169.41","729.84","No"
"USEP","05-May-2026","14","174.71","0.00","6634.552","0.00","0.000","174.71","169.56","729.84","No"
"USEP","05-May-2026","15","169.52","0.00","6840.390","8.18","0.000","169.52","169.60","729.84","No"
"USEP","05-May-2026","16","176.44","0.00","7053.151","27.66","0.000","176.44","169.56","729.84","No"
"USEP","05-May-2026","17","167.72","0.00","7193.891","105.08","0.000","167.72","169.41","729.84","No"
"USEP","05-May-2026","18","167.45","0.00","7191.173","267.27","0.000","167.45","169.40","729.84","No"
"USEP","05-May-2026","19","167.05","0.00","7097.841","470.59","0.000","167.05","169.39","729.84","No"
"USEP","05-May-2026","20","154.98","0.00","6965.430","660.40","0.000","154.98","169.25","729.84","No"
"USEP","05-May-2026","21","154.07","0.00","6799.994","879.91","0.000","154.07","169.09","729.84","No"
"USEP","05-May-2026","22","151.00","0.00","6781.823","933.84","0.000","151.00","168.74","729.84","No"
"USEP","05-May-2026","23","141.82","0.00","6729.186","982.18","0.000","141.82","168.09","729.84","No"
"USEP","05-May-2026","24","141.19","0.00","6690.713","976.39","0.000","141.19","166.59","729.84","No"
"USEP","05-May-2026","25","141.81","0.00","6686.474","993.86","0.000","141.81","166.04","729.84","No"
"USEP","05-May-2026","26","155.08","0.00","6600.483","1092.34","0.000","155.08","165.90","729.84","No"
"USEP","05-May-2026","27","157.56","0.00","6716.508","1102.34","0.000","157.56","165.82","729.84","No"
"USEP","05-May-2026","28","167.15","0.00","6926.878","1029.90","0.000","167.15","166.03","729.84","No"
"USEP","05-May-2026","29","167.17","0.00","7016.457","915.62","0.000","167.17","166.28","729.84","No"
"USEP","05-May-2026","30","161.91","0.00","6985.936","895.12","0.000","161.91","166.41","729.84","No"
"USEP","05-May-2026","31","178.14","0.00","7279.127","615.24","0.000","178.14","166.42","729.84","No"
"USEP","05-May-2026","32","243.54","0.00","7522.721","379.30","0.000","243.54","167.78","729.84","No"
"USEP","05-May-2026","33","169.98","0.00","7382.418","448.20","0.000","169.98","166.58","729.84","No"
"USEP","05-May-2026","34","178.13","0.00","7443.897","286.71","0.000","178.13","166.33","729.84","No"
"USEP","05-May-2026","35","176.93","0.00","7475.740","214.37","0.000","176.93","166.51","729.84","No"
"USEP","05-May-2026","36","176.96","0.00","7469.935","143.48","0.000","176.96","166.71","729.84","No"
"USEP","05-May-2026","37","179.76","0.00","7478.076","100.66","0.000","179.76","166.96","729.84","No"
"USEP","05-May-2026","38","180.08","0.00","7527.965","37.61","0.000","180.08","167.12","729.84","No"
"USEP","05-May-2026","39","180.02","0.00","7551.170","0.63","0.000","180.02","167.27","729.84","No"
"USEP","05-May-2026","40","179.91","0.00","7535.514","0.00","0.000","179.91","167.30","729.84","No"
"USEP","05-May-2026","41","179.83","0.00","7498.671","0.00","0.000","179.83","167.55","729.84","No"
"USEP","05-May-2026","42","179.84","0.00","7457.043","0.00","0.000","179.84","167.80","729.84","No"
"USEP","05-May-2026","43","179.87","0.00","7383.313","0.00","0.000","179.87","168.17","729.84","No"
"USEP","05-May-2026","44","178.12","0.00","7235.987","0.00","0.000","178.12","168.51","729.84","No"
"USEP","05-May-2026","45","169.57","0.00","7058.896","0.00","0.000","169.57","168.55","729.84","No"
"USEP","05-May-2026","46","167.89","0.00","6904.846","0.00","0.000","167.89","168.68","729.84","No"
"USEP","05-May-2026","47","168.26","0.00","6759.876","0.00","0.000","168.26","168.69","729.84","No"
"USEP","05-May-2026","48","164.33","0.00","6459.728","0.00","0.000","164.33","168.75","729.84","No"
"USEP","06-May-2026","1","160.76","0.00","6168.883","0.00","0.000","160.76","168.74","729.84","No"
"USEP","06-May-2026","2","155.32","0.00","6055.040","0.00","0.000","155.32","168.63","729.84","No"
"USEP","06-May-2026","3","166.99","0.00","6120.167","0.00","0.000","166.99","168.68","729.84","No"
"USEP","06-May-2026","4","166.98","0.00","6050.562","0.00","0.000","166.98","168.67","729.84","No"
"USEP","06-May-2026","5","164.31","0.00","5990.684","0.00","0.000","164.31","168.57","729.84","No"
"USEP","06-May-2026","6","164.28","0.00","5939.140","0.00","0.000","164.28","168.36","729.84","No"
"USEP","06-May-2026","7","161.04","0.00","5898.724","0.00","0.000","161.04","168.24","729.84","No"
"USEP","06-May-2026","8","161.47","0.00","5891.021","0.00","0.000","161.47","168.13","729.84","No"
"USEP","06-May-2026","9","164.24","0.00","5894.926","0.00","0.000","164.24","168.40","729.84","No"
"USEP","06-May-2026","10","153.41","0.00","5936.983","0.00","0.000","153.41","168.11","729.84","No"
"USEP","06-May-2026","11","164.35","0.00","6039.176","0.00","0.000","164.35","168.04","729.84","No"
"USEP","06-May-2026","12","167.22","0.00","6227.917","0.00","0.000","167.22","168.05","729.84","No"
"USEP","06-May-2026","13","167.87","0.00","6424.475","0.00","0.000","167.87","168.04","729.84","No"
"USEP","06-May-2026","14","168.29","0.00","6623.151","0.00","0.000","168.29","167.91","729.84","No"
"USEP","06-May-2026","15","171.93","0.00","6838.670","8.24","0.000","171.93","167.96","729.84","No"
"USEP","06-May-2026","16","178.55","0.00","7067.161","26.12","0.000","178.55","168.00","729.84","No"
"USEP","06-May-2026","17","171.90","0.00","7152.476","150.07","0.000","171.90","168.09","729.84","No"
"USEP","06-May-2026","18","171.69","0.00","7162.003","290.91","0.000","171.69","168.18","729.84","No"
"USEP","06-May-2026","19","167.83","0.00","7138.749","435.70","0.000","167.83","168.19","729.84","No"
"USEP","06-May-2026","20","166.90","0.00","7033.226","637.92","0.000","166.90","168.44","729.84","No"
"USEP","06-May-2026","21","161.53","0.00","6938.955","809.09","0.000","161.53","168.60","729.84","No"
"USEP","06-May-2026","22","161.77","0.00","6952.702","846.06","0.000","161.77","168.82","729.84","No"
"USEP","06-May-2026","23","166.93","0.00","6920.645","856.32","0.000","166.93","169.35","729.84","No"
"USEP","06-May-2026","24","161.78","0.00","6807.886","956.69","0.000","161.78","169.77","729.84","No"
"USEP","06-May-2026","25","166.82","0.00","6779.726","941.91","0.000","166.82","170.30","729.84","No"
"USEP","06-May-2026","26","167.05","0.00","6853.610","917.92","0.000","167.05","170.55","729.84","No"
"USEP","06-May-2026","27","167.58","0.00","7064.348","785.96","0.000","167.58","170.75","729.84","No"
"USEP","06-May-2026","28","235.15","0.00","7351.286","593.92","0.000","235.15","172.17","729.84","No"
"USEP","06-May-2026","29","228.43","0.00","7364.839","669.74","0.000","228.43","173.45","729.84","No"
"USEP","06-May-2026","30","168.45","0.00","7200.775","807.82","0.000","168.45","173.58","729.84","No"
"USEP","06-May-2026","31","183.97","0.00","7342.902","550.87","0.000","183.97","173.70","729.84","No"
"USEP","06-May-2026","32","191.43","0.00","7448.902","395.06","0.000","191.43","172.62","729.84","No"
"USEP","06-May-2026","33","184.15","0.00","7380.912","374.51","0.000","184.15","172.91","729.84","No"
"USEP","06-May-2026","34","178.33","0.00","7362.876","320.45","0.000","178.33","172.92","729.84","No"
"USEP","06-May-2026","35","167.50","0.00","7281.438","338.31","0.000","167.50","172.72","729.84","No"
"USEP","06-May-2026","36","167.35","0.00","7316.615","214.06","0.000","167.35","172.52","729.84","No"
"USEP","06-May-2026","37","167.89","0.00","7358.751","143.02","0.000","167.89","172.27","729.84","No"
"USEP","06-May-2026","38","171.67","0.00","7455.994","54.80","0.000","171.67","172.10","729.84","No"
"USEP","06-May-2026","39","171.93","0.00","7518.691","1.68","0.000","171.93","171.93","729.84","No"
"USEP","06-May-2026","40","171.94","0.00","7522.562","0.00","0.000","171.94","171.76","729.84","No"
"USEP","06-May-2026","41","171.88","0.00","7521.384","0.00","0.000","171.88","171.60","729.84","No"
"USEP","06-May-2026","42","171.89","0.00","7500.948","0.00","0.000","171.89","171.43","729.84","No"
"USEP","06-May-2026","43","171.89","0.00","7427.745","0.00","0.000","171.89","171.27","729.84","No"
"USEP","06-May-2026","44","171.67","0.00","7282.710","0.00","0.000","171.67","171.13","729.84","No"
"USEP","06-May-2026","45","168.01","0.00","7109.660","0.00","0.000","168.01","171.10","729.84","No"
"USEP","06-May-2026","46","167.20","0.00","6954.382","0.00","0.000","167.20","171.09","729.84","No"
"USEP","06-May-2026","47","167.31","0.00","6809.760","0.00","0.000","167.31","171.07","729.84","No"
"USEP","06-May-2026","48","161.47","0.00","6533.095","0.00","0.000","161.47","171.01","729.84","No"
"USEP","07-May-2026","1","160.94","0.00","6258.224","0.00","0.000","160.94","171.01","729.84","No"
"USEP","07-May-2026","2","160.74","0.00","6146.394","0.00","0.000","160.74","171.12","729.84","No"
"USEP","07-May-2026","3","167.00","0.00","6215.099","0.00","0.000","167.00","171.12","729.84","No"
"USEP","07-May-2026","4","166.80","0.00","6138.154","0.00","0.000","166.80","171.12","729.84","No"
"USEP","07-May-2026","5","166.78","0.00","6073.514","0.00","0.000","166.78","171.17","729.84","No"
"USEP","07-May-2026","6","166.51","0.00","6025.633","0.00","0.000","166.51","171.22","729.84","No"
"USEP","07-May-2026","7","164.07","0.00","5987.175","0.00","0.000","164.07","171.28","729.84","No"
"USEP","07-May-2026","8","164.07","0.00","5966.868","0.00","0.000","164.07","171.33","729.84","No"
"USEP","07-May-2026","9","164.34","0.00","5973.513","0.00","0.000","164.34","171.34","729.84","No"
"USEP","07-May-2026","10","166.69","0.00","6024.381","0.00","0.000","166.69","171.61","729.84","No"
"USEP","07-May-2026","11","166.97","0.00","6126.415","0.00","0.000","166.97","171.67","729.84","No"
"USEP","07-May-2026","12","167.76","0.00","6302.656","0.00","0.000","167.76","171.68","729.84","No"
"USEP","07-May-2026","13","171.20","0.00","6503.484","0.00","0.000","171.20","171.75","729.84","No"
"USEP","07-May-2026","14","176.88","0.00","6706.553","0.00","0.000","176.88","171.93","729.84","No"
"USEP","07-May-2026","15","176.94","0.00","6899.463","8.82","0.000","176.94","172.03","729.84","No"
"USEP","07-May-2026","16","178.09","0.00","7100.540","26.40","0.000","178.09","172.02","729.84","No"
"USEP","07-May-2026","17","178.07","0.00","7215.913","123.48","0.000","178.07","172.15","729.84","No"
"USEP","07-May-2026","18","176.92","0.00","7186.794","305.23","0.000","176.92","172.26","729.84","No"
"USEP","07-May-2026","19","174.87","0.00","7202.211","416.67","0.000","174.87","172.41","729.84","No"
"USEP","07-May-2026","20","171.13","0.00","7194.970","536.30","0.000","171.13","172.49","729.84","No"
"USEP","07-May-2026","21","174.94","0.00","7194.890","627.72","0.000","174.94","172.77","729.84","No"
"USEP","07-May-2026","22","167.35","0.00","7003.793","822.92","0.000","167.35","172.89","729.84","No"
"USEP","07-May-2026","23","161.10","0.00","6796.679","994.59","0.000","161.10","172.77","729.84","No"
"USEP","07-May-2026","24","154.98","0.00","6621.561","1116.49","0.000","154.98","172.63","729.84","No"
"USEP","07-May-2026","25","154.95","0.00","6618.469","1147.38","0.000","154.95","172.38","729.84","No"
"USEP","07-May-2026","26","161.01","0.00","6526.266","1275.05","0.000","161.01","172.25","729.84","No"
"USEP","07-May-2026","27","161.01","0.00","6560.231","1219.02","0.000","161.01","172.12","729.84","No"
"USEP","07-May-2026","28","155.20","0.00","6635.452","1183.72","0.000","155.20","170.45","729.84","No"
"USEP","07-May-2026","29","159.36","0.00","6732.934","1176.27","0.000","159.36","169.01","729.84","No"
"USEP","07-May-2026","30","161.37","0.00","6860.966","1055.58","0.000","161.37","168.87","729.84","No"
"USEP","07-May-2026","31","161.05","0.00","6812.285","1052.76","0.000","161.05","168.39","729.84","No"
"USEP","07-May-2026","32","161.27","0.00","6866.681","980.96","0.000","161.27","167.76","729.84","No"
"USEP","07-May-2026","33","161.42","0.00","6964.918","896.26","0.000","161.42","167.29","729.84","No"
"USEP","07-May-2026","34","161.75","0.00","7028.972","811.30","0.000","161.75","166.94","729.84","No"
"USEP","07-May-2026","35","167.37","0.00","7191.600","589.00","0.000","167.37","166.94","729.84","No"
"USEP","07-May-2026","36","170.84","0.00","7381.076","326.76","0.000","170.84","167.01","729.84","No"
"USEP","07-May-2026","37","179.76","0.00","7521.921","150.68","0.000","179.76","167.26","729.84","No"
"USEP","07-May-2026","38","183.55","0.00","7570.369","62.28","0.000","183.55","167.51","729.84","No"
"USEP","07-May-2026","39","183.60","0.00","7591.551","2.05","0.000","183.60","167.75","729.84","No"
"USEP","07-May-2026","40","179.87","0.00","7586.133","0.00","0.000","179.87","167.91","729.84","No"
"USEP","07-May-2026","41","179.89","0.00","7574.181","0.00","0.000","179.89","168.08","729.84","No"
"USEP","07-May-2026","42","178.53","0.00","7539.634","0.00","0.000","178.53","168.22","729.84","No"
"USEP","07-May-2026","43","178.52","0.00","7458.360","0.00","0.000","178.52","168.36","729.84","No"
"USEP","07-May-2026","44","174.60","0.00","7324.075","0.00","0.000","174.60","168.42","729.84","No"
"USEP","07-May-2026","45","170.82","0.00","7162.605","0.00","0.000","170.82","168.48","729.84","No"
"USEP","07-May-2026","46","167.82","0.00","7028.072","0.00","0.000","167.82","168.49","729.84","No"
"USEP","07-May-2026","47","168.09","0.00","6886.169","0.00","0.000","168.09","168.51","729.84","No"
"USEP","07-May-2026","48","174.43","0.00","6847.900","0.00","0.000","174.43","168.78","729.84","No"
"USEP","08-May-2026","1","210.49","0.00","6818.626","0.00","0.000","210.49","169.81","729.84","No"
"USEP","08-May-2026","2","211.11","0.00","6693.611","0.00","0.000","211.11","170.86","729.84","No"
"USEP","08-May-2026","3","178.14","0.00","6470.463","0.00","0.000","178.14","171.09","729.84","No"
"USEP","08-May-2026","4","174.33","0.00","6390.267","0.00","0.000","174.33","171.25","729.84","No"
"USEP","08-May-2026","5","172.01","0.00","6323.058","0.00","0.000","172.01","171.36","729.84","No"
"USEP","08-May-2026","6","169.24","0.00","6266.226","0.00","0.000","169.24","171.41","729.84","No"
"USEP","08-May-2026","7","169.28","0.00","6226.113","0.00","0.000","169.28","171.52","729.84","No"
"USEP","08-May-2026","8","168.45","0.00","6200.999","0.00","0.000","168.45","171.61","729.84","No"
"USEP","08-May-2026","9","167.81","0.00","6183.773","0.00","0.000","167.81","171.68","729.84","No"
"USEP","08-May-2026","10","167.81","0.00","6188.112","0.00","0.000","167.81","171.71","729.84","No"
"USEP","08-May-2026","11","169.28","0.00","6267.319","0.00","0.000","169.28","171.76","729.84","No"
"USEP","08-May-2026","12","174.52","0.00","6422.591","0.00","0.000","174.52","171.90","729.84","No"
"USEP","08-May-2026","13","174.53","0.00","6588.272","0.00","0.000","174.53","171.97","729.84","No"
"USEP","08-May-2026","14","178.84","0.00","6762.649","0.00","0.000","178.84","172.01","729.84","No"
"USEP","08-May-2026","15","179.73","0.00","6943.746","7.61","0.000","179.73","172.06","729.84","No"
"USEP","08-May-2026","16","211.36","0.00","7155.259","26.64","0.000","211.36","172.76","729.84","No"
"USEP","08-May-2026","17","226.66","0.00","7361.728","68.71","0.000","226.66","173.77","729.84","No"
"USEP","08-May-2026","18","183.49","0.00","7357.881","206.22","0.000","183.49","173.91","729.84","No"
"USEP","08-May-2026","19","187.79","0.00","7336.435","298.02","0.000","187.79","174.18","729.84","No"
"USEP","08-May-2026","20","173.34","0.00","7161.005","512.37","0.000","173.34","174.22","729.84","No"
"USEP","08-May-2026","21","167.48","0.00","6969.684","760.46","0.000","167.48","174.07","729.84","No"
"USEP","08-May-2026","22","167.44","0.00","6951.131","819.45","0.000","167.44","174.07","729.84","No"
"USEP","08-May-2026","23","167.05","0.00","6904.314","886.43","0.000","167.05","174.19","729.84","No"
"USEP","08-May-2026","24","161.08","0.00","6717.561","1050.19","0.000","161.08","174.32","729.84","No"
"USEP","08-May-2026","25","158.83","0.00","6672.096","1082.54","0.000","158.83","174.40","729.84","No"
"USEP","08-May-2026","26","155.01","0.00","6590.747","1151.06","0.000","155.01","174.28","729.84","No"
"USEP","08-May-2026","27","167.49","0.00","6930.705","837.32","0.000","167.49","174.41","729.84","No"
"USEP","08-May-2026","28","168.23","0.00","7050.328","754.90","0.000","168.23","174.68","729.84","No"
"USEP","08-May-2026","29","166.91","0.00","6913.161","860.51","0.000","166.91","174.84","729.84","No"
"USEP","08-May-2026","30","166.94","0.00","6905.407","859.61","0.000","166.94","174.96","729.84","No"
"USEP","08-May-2026","31","166.98","0.00","6911.033","879.81","0.000","166.98","175.08","729.84","No"
"USEP","08-May-2026","32","167.01","0.00","6901.615","889.06","0.000","167.01","175.20","729.84","No"
"USEP","08-May-2026","33","167.43","0.00","7034.364","754.30","0.000","167.43","175.32","729.84","No"
"USEP","08-May-2026","34","178.36","0.00","7282.750","489.99","0.000","178.36","175.67","729.84","No"
"USEP","08-May-2026","35","178.37","0.00","7438.211","310.17","0.000","178.37","175.90","729.84","No"
"USEP","08-May-2026","36","178.36","0.00","7414.589","237.12","0.000","178.36","176.06","729.84","No"
"USEP","08-May-2026","37","179.72","0.00","7417.486","171.34","0.000","179.72","176.05","729.84","No"
"USEP","08-May-2026","38","178.45","0.00","7563.421","30.80","0.000","178.45","175.95","729.84","No"
"USEP","08-May-2026","39","178.42","0.00","7583.658","0.81","0.000","178.42","175.84","729.84","No"
"USEP","08-May-2026","40","179.99","0.00","7533.476","0.00","0.000","179.99","175.84","729.84","No"
"USEP","08-May-2026","41","179.84","0.00","7431.711","0.00","0.000","179.84","175.84","729.84","No"
"USEP","08-May-2026","42","176.64","0.00","7369.869","0.00","0.000","176.64","175.80","729.84","No"
"USEP","08-May-2026","43","178.21","0.00","7297.873","0.00","0.000","178.21","175.80","729.84","No"
"USEP","08-May-2026","44","172.20","0.00","7169.141","0.00","0.000","172.20","175.75","729.84","No"
"USEP","08-May-2026","45","172.11","0.00","7040.790","0.00","0.000","172.11","175.77","729.84","No"
"USEP","08-May-2026","46","167.86","0.00","6921.063","0.00","0.000","167.86","175.77","729.84","No"
"USEP","08-May-2026","47","172.06","0.00","6796.495","0.00","0.000","172.06","175.86","729.84","No"
"USEP","08-May-2026","48","169.49","0.00","6593.774","0.00","0.000","169.49","175.75","729.84","No"
"USEP","09-May-2026","1","172.27","0.00","6384.318","0.00","0.000","172.27","174.96","729.84","No"
"USEP","09-May-2026","2","169.43","0.00","6261.340","0.00","0.000","169.43","174.09","729.84","No"
"USEP","09-May-2026","3","172.22","0.00","6248.180","0.00","0.000","172.22","173.97","729.84","No"
"USEP","09-May-2026","4","172.21","0.00","6176.805","0.00","0.000","172.21","173.92","729.84","No"
"USEP","09-May-2026","5","172.21","0.00","6118.030","0.00","0.000","172.21","173.93","729.84","No"
"USEP","09-May-2026","6","172.15","0.00","6058.609","0.00","0.000","172.15","173.99","729.84","No"
"USEP","09-May-2026","7","169.20","0.00","6014.619","0.00","0.000","169.20","173.98","729.84","No"
"USEP","09-May-2026","8","172.13","0.00","5980.550","0.00","0.000","172.13","174.06","729.84","No"
"USEP","09-May-2026","9","172.21","0.00","5967.618","0.00","0.000","172.21","174.15","729.84","No"
"USEP","09-May-2026","10","140.88","0.00","5972.424","0.00","0.000","140.88","173.59","729.84","No"
"USEP","09-May-2026","11","150.87","0.00","6014.416","0.00","0.000","150.87","173.21","729.84","No"
"USEP","09-May-2026","12","153.21","0.00","6083.543","0.00","0.000","153.21","172.76","729.84","No"
"USEP","09-May-2026","13","169.25","0.00","6175.434","0.00","0.000","169.25","172.65","729.84","No"
"USEP","09-May-2026","14","175.51","0.00","6292.552","0.00","0.000","175.51","172.59","729.84","No"
"USEP","09-May-2026","15","175.83","0.00","6417.398","6.74","0.000","175.83","172.50","729.84","No"
"USEP","09-May-2026","16","179.59","0.00","6577.740","25.90","0.000","179.59","171.84","729.84","No"
"USEP","09-May-2026","17","176.72","0.00","6730.841","72.44","0.000","176.72","170.80","729.84","No"
"USEP","09-May-2026","18","175.92","0.00","6740.453","205.21","0.000","175.92","170.64","729.84","No"
"USEP","09-May-2026","19","182.96","0.00","6750.443","323.99","0.000","182.96","170.54","729.84","No"
"USEP","09-May-2026","20","175.90","0.00","6677.970","507.47","0.000","175.90","170.60","729.84","No"
"USEP","09-May-2026","21","175.97","0.00","6605.428","623.12","0.000","175.97","170.77","729.84","No"
"USEP","09-May-2026","22","175.81","0.00","6551.066","731.86","0.000","175.81","170.95","729.84","No"
"USEP","09-May-2026","23","156.50","0.00","6391.022","963.12","0.000","156.50","170.73","729.84","No"
"USEP","09-May-2026","24","175.79","0.00","6482.063","863.21","0.000","175.79","171.03","729.84","No"
"USEP","09-May-2026","25","140.87","0.00","6249.487","1014.32","0.000","140.87","170.66","729.84","No"
"USEP","09-May-2026","26","136.34","0.00","6143.233","1064.97","0.000","136.34","170.27","729.84","No"
"USEP","09-May-2026","27","109.18","0.00","5937.450","1267.63","0.000","109.18","169.06","729.84","No"
"USEP","09-May-2026","28","143.78","0.00","6181.383","1105.99","0.000","143.78","168.55","729.84","No"
"USEP","09-May-2026","29","134.42","0.00","6125.426","1142.03","0.000","134.42","167.87","729.84","No"
"USEP","09-May-2026","30","124.37","0.00","6070.293","1172.11","0.000","124.37","166.98","729.84","No"
"USEP","09-May-2026","31","122.45","0.00","6042.049","1214.23","0.000","122.45","166.06","729.84","No"
"USEP","09-May-2026","32","136.42","0.00","6272.115","968.67","0.000","136.42","165.42","729.84","No"
"USEP","09-May-2026","33","162.92","0.00","6502.932","694.05","0.000","162.92","165.32","729.84","No"
"USEP","09-May-2026","34","155.43","0.00","6383.388","722.77","0.000","155.43","164.85","729.84","No"
"USEP","09-May-2026","35","156.09","0.00","6448.451","648.70","0.000","156.09","164.38","729.84","No"
"USEP","09-May-2026","36","163.04","0.00","6561.508","500.96","0.000","163.04","164.06","729.84","No"
"USEP","09-May-2026","37","167.44","0.00","6755.552","356.45","0.000","167.44","163.81","729.84","No"
"USEP","09-May-2026","38","173.58","0.00","7048.360","125.14","0.000","173.58","163.71","729.84","No"
"USEP","09-May-2026","39","176.41","0.00","7187.669","4.36","0.000","176.41","163.66","729.84","No"
"USEP","09-May-2026","40","176.67","0.00","7247.179","0.00","0.000","176.67","163.60","729.84","No"
"USEP","09-May-2026","41","176.66","0.00","7277.104","0.00","0.000","176.66","163.53","729.84","No"
"USEP","09-May-2026","42","176.42","0.00","7282.978","0.00","0.000","176.42","163.52","729.84","No"
"USEP","09-May-2026","43","176.66","0.00","7261.180","0.00","0.000","176.66","163.49","729.84","No"
"USEP","09-May-2026","44","176.18","0.00","7177.177","0.00","0.000","176.18","163.57","729.84","No"
"USEP","09-May-2026","45","176.09","0.00","7065.521","0.00","0.000","176.09","163.66","729.84","No"
"USEP","09-May-2026","46","176.07","0.00","6962.945","0.00","0.000","176.07","163.83","729.84","No"
"USEP","09-May-2026","47","176.22","0.00","6864.822","0.00","0.000","176.22","163.92","729.84","No"
"USEP","09-May-2026","48","176.17","0.00","6753.281","0.00","0.000","176.17","164.05","729.84","No"
"USEP","10-May-2026","1","176.10","0.00","6620.507","0.00","0.000","176.10","164.13","729.84","No"
"USEP","10-May-2026","2","175.90","0.00","6488.618","0.00","0.000","175.90","164.27","729.84","No"
"USEP","10-May-2026","3","175.94","0.00","6377.976","0.00","0.000","175.94","164.35","729.84","No"
"USEP","10-May-2026","4","174.48","0.00","6295.444","0.00","0.000","174.48","164.39","729.84","No"
"USEP","10-May-2026","5","175.87","0.00","6222.982","0.00","0.000","175.87","164.47","729.84","No"
"USEP","10-May-2026","6","174.22","0.00","6164.351","0.00","0.000","174.22","164.51","729.84","No"
"USEP","10-May-2026","7","174.19","0.00","6117.797","0.00","0.000","174.19","164.62","729.84","No"
"USEP","10-May-2026","8","172.91","0.00","6085.392","0.00","0.000","172.91","164.63","729.84","No"
"USEP","10-May-2026","9","173.07","0.00","6065.020","0.00","0.000","173.07","164.65","729.84","No"
"USEP","10-May-2026","10","172.82","0.00","6060.234","0.00","0.000","172.82","165.32","729.84","No"
"USEP","10-May-2026","11","173.01","0.00","6080.392","0.00","0.000","173.01","165.78","729.84","No"
"USEP","10-May-2026","12","174.19","0.00","6134.669","0.00","0.000","174.19","166.22","729.84","No"
"USEP","10-May-2026","13","172.83","0.00","6200.765","0.00","0.000","172.83","166.29","729.84","No"
"USEP","10-May-2026","14","174.17","0.00","6282.960","0.00","0.000","174.17","166.26","729.84","No"
"USEP","10-May-2026","15","174.37","0.00","6356.993","7.25","0.000","174.37","166.23","729.84","No"
"USEP","10-May-2026","16","175.97","0.00","6433.337","26.64","0.000","175.97","166.16","729.84","No"
"USEP","10-May-2026","17","176.07","0.00","6468.459","99.84","0.000","176.07","166.14","729.84","No"
"USEP","10-May-2026","18","175.83","0.00","6479.135","208.05","0.000","175.83","166.14","729.84","No"
"USEP","10-May-2026","19","176.69","0.00","6566.657","250.25","0.000","176.69","166.01","729.84","No"
"USEP","10-May-2026","20","168.94","0.00","6405.778","529.23","0.000","168.94","165.87","729.84","No"
"USEP","10-May-2026","21","176.10","0.00","6507.107","546.56","0.000","176.10","165.87","729.84","No"
"USEP","10-May-2026","22","152.94","0.00","6223.528","858.97","0.000","152.94","165.39","729.84","No"
"USEP","10-May-2026","23","133.36","0.00","5927.500","1118.20","0.000","133.36","164.91","729.84","No"
"USEP","10-May-2026","24","103.29","0.00","5779.250","1249.07","0.000","103.29","163.40","729.84","No"
"USEP","10-May-2026","25","105.81","0.00","5837.031","1222.47","0.000","105.81","162.67","729.84","No"
"USEP","10-May-2026","26","107.49","0.00","5906.040","1179.07","0.000","107.49","162.07","729.84","No"
"USEP","10-May-2026","27","128.72","0.00","5966.450","1140.68","0.000","128.72","162.47","729.84","No"
"USEP","10-May-2026","28","133.46","0.00","6014.107","1101.39","0.000","133.46","162.26","729.84","No"
"USEP","10-May-2026","29","134.46","0.00","6109.337","1029.99","0.000","134.46","162.26","729.84","No"
"USEP","10-May-2026","30","137.92","0.00","6158.113","927.28","0.000","137.92","162.54","729.84","No"
"USEP","10-May-2026","31","140.95","0.00","6223.002","770.44","0.000","140.95","162.93","729.84","No"
"USEP","10-May-2026","32","167.37","0.00","6380.466","646.90","0.000","167.37","163.57","729.84","No"
"USEP","10-May-2026","33","156.47","0.00","6381.669","723.27","0.000","156.47","163.44","729.84","No"
"USEP","10-May-2026","34","167.05","0.00","6450.647","624.42","0.000","167.05","163.68","729.84","No"
"USEP","10-May-2026","35","172.39","0.00","6717.949","368.02","0.000","172.39","164.02","729.84","No"
"USEP","10-May-2026","36","173.20","0.00","6888.162","201.73","0.000","173.20","164.23","729.84","No"
"USEP","10-May-2026","37","176.15","0.00","7058.628","88.49","0.000","176.15","164.41","729.84","No"
"USEP","10-May-2026","38","176.01","0.00","7135.046","54.98","0.000","176.01","164.46","729.84","No"
"USEP","10-May-2026","39","176.41","0.00","7221.231","1.97","0.000","176.41","164.46","729.84","No"
"USEP","10-May-2026","40","176.43","0.00","7268.421","0.00","0.000","176.43","164.46","729.84","No"
"USEP","10-May-2026","41","176.69","0.00","7301.273","0.00","0.000","176.69","164.46","729.84","No"
"USEP","10-May-2026","42","176.48","0.00","7304.643","0.00","0.000","176.48","164.46","729.84","No"
"USEP","10-May-2026","43","176.47","0.00","7263.078","0.00","0.000","176.47","164.46","729.84","No"
"USEP","10-May-2026","44","176.08","0.00","7166.089","0.00","0.000","176.08","164.45","729.84","No"
"USEP","10-May-2026","45","176.12","0.00","7042.535","0.00","0.000","176.12","164.46","729.84","No"
"USEP","10-May-2026","46","176.08","0.00","6918.310","0.00","0.000","176.08","164.46","729.84","No"
"USEP","10-May-2026","47","176.06","0.00","6822.324","0.00","0.000","176.06","164.45","729.84","No"
"USEP","10-May-2026","48","176.32","0.00","6775.397","0.00","0.000","176.32","164.46","729.84","No"
"USEP","11-May-2026","1","178.37","0.00","6690.654","0.00","0.000","178.37","164.50","729.84","No"
"USEP","11-May-2026","2","176.77","0.00","6514.949","0.00","0.000","176.77","164.52","729.84","No"
"USEP","11-May-2026","3","175.90","0.00","6335.597","0.00","0.000","175.90","164.52","729.84","No"
"USEP","11-May-2026","4","174.78","0.00","6257.001","0.00","0.000","174.78","164.53","729.84","No"
"USEP","11-May-2026","5","173.10","0.00","6186.924","0.00","0.000","173.10","164.47","729.84","No"
"USEP","11-May-2026","6","172.85","0.00","6126.932","0.00","0.000","172.85","164.44","729.84","No"
"USEP","11-May-2026","7","172.81","0.00","6078.703","0.00","0.000","172.81","164.41","729.84","No"
"USEP","11-May-2026","8","169.11","0.00","6052.198","0.00","0.000","169.11","164.33","729.84","No"
"USEP","11-May-2026","9","169.13","0.00","6048.242","0.00","0.000","169.13","164.25","729.84","No"
"USEP","11-May-2026","10","172.83","0.00","6084.975","0.00","0.000","172.83","164.25","729.84","No"
"USEP","11-May-2026","11","174.46","0.00","6182.237","0.00","0.000","174.46","164.28","729.84","No"
"USEP","11-May-2026","12","175.70","0.00","6348.310","0.00","0.000","175.70","164.31","729.84","No"
"USEP","11-May-2026","13","175.90","0.00","6539.322","0.00","0.000","175.90","164.38","729.84","No"
"USEP","11-May-2026","14","176.77","0.00","6735.602","0.00","0.000","176.77","164.43","729.84","No"
"USEP","11-May-2026","15","176.17","0.00","6944.332","6.88","0.000","176.17","164.47","729.84","No"
"USEP","11-May-2026","16","178.26","0.00","7148.778","30.62","0.000","178.26","164.52","729.84","No"
"USEP","11-May-2026","17","176.67","0.00","7210.953","166.72","0.000","176.67","164.53","729.84","No"
"USEP","11-May-2026","18","176.43","0.00","7223.169","324.17","0.000","176.43","164.54","729.84","No"
"USEP","11-May-2026","19","178.44","0.00","7234.202","454.74","0.000","178.44","164.58","729.84","No"
"USEP","11-May-2026","20","176.01","0.00","7129.127","687.60","0.000","176.01","164.72","729.84","No"
"USEP","11-May-2026","21","181.62","0.00","7185.864","742.46","0.000","181.62","164.84","729.84","No"
"USEP","11-May-2026","22","183.63","0.00","7276.591","670.01","0.000","183.63","165.48","729.84","No"
"USEP","11-May-2026","23","176.41","0.00","7074.437","832.90","0.000","176.41","166.38","729.84","No"
"USEP","11-May-2026","24","176.80","0.00","7122.323","714.11","0.000","176.80","167.91","729.84","No"
"USEP","11-May-2026","25","183.05","0.00","7064.905","738.09","0.000","183.05","169.52","729.84","No"
"USEP","11-May-2026","26","176.84","0.00","7056.575","775.21","0.000","176.84","170.96","729.84","No"
"USEP","11-May-2026","27","183.70","0.00","7182.679","659.26","0.000","183.70","172.11","729.84","No"
"USEP","11-May-2026","28","169.08","0.00","6794.646","1079.54","0.000","169.08","172.85","729.84","No"
"USEP","11-May-2026","29","167.02","0.00","6698.342","1238.60","0.000","167.02","173.53","729.84","No"
"USEP","11-May-2026","30","167.10","0.00","6718.665","1166.05","0.000","167.10","174.13","729.84","No"
"USEP","11-May-2026","31","169.11","0.00","6902.952","1017.71","0.000","169.11","174.72","729.84","No"
"USEP","11-May-2026","32","169.19","0.00","6981.985","937.73","0.000","169.19","174.76","729.84","No"
"USEP","11-May-2026","33","176.47","0.00","7173.579","734.09","0.000","176.47","175.18","729.84","No"
"USEP","11-May-2026","34","179.74","0.00","7363.125","560.05","0.000","179.74","175.44","729.84","No"
"USEP","11-May-2026","35","176.51","0.00","7469.368","476.05","0.000","176.51","175.53","729.84","No"
"USEP","11-May-2026","36","176.66","0.00","7562.958","277.28","0.000","176.66","175.60","729.84","No"
"USEP","11-May-2026","37","176.86","0.00","7587.639","166.10","0.000","176.86","175.61","729.84","No"
"USEP","11-May-2026","38","178.42","0.00","7649.983","59.94","0.000","178.42","175.66","729.84","No"
"USEP","11-May-2026","39","179.91","0.00","7678.203","2.44","0.000","179.91","175.74","729.84","No"
"USEP","11-May-2026","40","180.01","0.00","7680.176","0.00","0.000","180.01","175.81","729.84","No"
"USEP","11-May-2026","41","183.68","0.00","7654.456","0.00","0.000","183.68","175.96","729.84","No"
"USEP","11-May-2026","42","180.05","0.00","7611.759","0.00","0.000","180.05","176.03","729.84","No"
"USEP","11-May-2026","43","183.60","0.00","7535.032","0.00","0.000","183.60","176.18","729.84","No"
"USEP","11-May-2026","44","178.45","0.00","7400.802","0.00","0.000","178.45","176.23","729.84","No"
"USEP","11-May-2026","45","176.94","0.00","7245.534","0.00","0.000","176.94","176.25","729.84","No"
"USEP","11-May-2026","46","176.25","0.00","7095.023","0.00","0.000","176.25","176.25","729.84","No"
"USEP","11-May-2026","47","176.87","0.00","6964.372","0.00","0.000","176.87","176.27","729.84","No"
"USEP","11-May-2026","48","176.18","0.00","6808.865","0.00","0.000","176.18","176.26","729.84","No"
"USEP","12-May-2026","1","176.48","0.00","6647.753","0.00","0.000","176.48","176.22","729.84","No"
"USEP","12-May-2026","2","176.40","0.00","6512.002","0.00","0.000","176.40","176.22","729.84","No"
"USEP","12-May-2026","3","176.44","0.00","6408.487","0.00","0.000","176.44","176.23","729.84","No"
"USEP","12-May-2026","4","176.45","0.00","6338.793","0.00","0.000","176.45","176.26","729.84","No"
"USEP","12-May-2026","5","176.38","0.00","6274.317","0.00","0.000","176.38","176.33","729.84","No"
"USEP","12-May-2026","6","176.26","0.00","6222.544","0.00","0.000","176.26","176.40","729.84","No"
"USEP","12-May-2026","7","176.24","0.00","6184.395","0.00","0.000","176.24","176.47","729.84","No"
"USEP","12-May-2026","8","176.25","0.00","6163.710","0.00","0.000","176.25","176.62","729.84","No"
"USEP","12-May-2026","9","176.00","0.00","6160.494","0.00","0.000","176.00","176.76","729.84","No"
"USEP","12-May-2026","10","176.26","0.00","6207.416","0.00","0.000","176.26","176.84","729.84","No"
"USEP","12-May-2026","11","176.47","0.00","6308.148","0.00","0.000","176.47","176.88","729.84","No"
"USEP","12-May-2026","12","178.14","0.00","6480.299","0.00","0.000","178.14","176.93","729.84","No"
"USEP","12-May-2026","13","176.47","0.00","6678.934","0.00","0.000","176.47","176.94","729.84","No"
"USEP","12-May-2026","14","178.27","0.00","6883.380","0.00","0.000","178.27","176.97","729.84","No"
"USEP","12-May-2026","15","179.63","0.00","7085.759","6.32","0.000","179.63","177.04","729.84","No"
"USEP","12-May-2026","16","183.41","0.00","7289.111","27.99","0.000","183.41","177.15","729.84","No"
"USEP","12-May-2026","17","183.26","0.00","7355.009","159.93","0.000","183.26","177.29","729.84","No"
"USEP","12-May-2026","18","179.56","0.00","7374.466","305.45","0.000","179.56","177.35","729.84","No"
"USEP","12-May-2026","19","178.00","0.00","7396.101","411.54","0.000","178.00","177.34","729.84","No"
"USEP","12-May-2026","20","176.82","0.00","7374.874","521.72","0.000","176.82","177.36","729.84","No"
"USEP","12-May-2026","21","183.24","0.00","7327.639","621.08","0.000","183.24","177.40","729.84","No"
"USEP","12-May-2026","22","210.46","0.00","7355.620","615.61","0.000","210.46","177.95","729.84","No"
"USEP","12-May-2026","23","176.52","0.00","7180.427","750.20","0.000","176.52","177.96","729.84","No"
"USEP","12-May-2026","24","172.72","0.00","7069.393","777.12","0.000","172.72","177.87","729.84","No"
"USEP","12-May-2026","25","219.12","0.00","7013.122","814.90","0.000","219.12","178.62","729.84","No"
"USEP","12-May-2026","26","227.53","0.00","6894.523","981.60","0.000","227.53","179.68","729.84","No"
"USEP","12-May-2026","27","176.64","0.00","6958.989","1021.59","0.000","176.64","179.53","729.84","No"
"USEP","12-May-2026","28","349.95","0.00","7382.498","694.44","0.000","349.95","183.30","729.84","No"
"USEP","12-May-2026","29","176.84","0.00","7031.720","1008.95","0.000","176.84","183.50","729.84","No"
"USEP","12-May-2026","30","218.09","0.00","7106.320","858.22","0.000","218.09","184.57","729.84","No"
"USEP","12-May-2026","31","233.76","0.00","7197.688","721.42","0.000","233.76","185.91","729.84","No"
"USEP","12-May-2026","32","309.75","0.00","7549.341","451.51","0.000","309.75","188.84","729.84","No"
"USEP","12-May-2026","33","176.90","0.00","7452.898","512.76","0.000","176.90","188.85","729.84","No"
"USEP","12-May-2026","34","181.56","0.00","7462.535","484.10","0.000","181.56","188.89","729.84","No"
"USEP","12-May-2026","35","172.47","0.00","7347.221","536.26","0.000","172.47","188.80","729.84","No"
"USEP","12-May-2026","36","173.40","0.00","7450.075","323.28","0.000","173.40","188.74","729.84","No"
"USEP","12-May-2026","37","185.95","0.00","7592.232","134.14","0.000","185.95","188.93","729.84","No"
"USEP","12-May-2026","38","186.00","0.00","7653.671","34.07","0.000","186.00","-","-","No"
"USEP","12-May-2026","39","244.83","0.00","7638.333","2.99","0.000","244.83","190.53","729.84","No"
"USEP","12-May-2026","40","233.01","0.00","7622.842","0.00","0.000","233.01","191.66","729.84","No"
"USEP","12-May-2026","41","233.11","0.00","7593.161","0.00","0.000","233.11","192.71","729.84","No"
"USEP","12-May-2026","42","223.22","0.00","7528.283","0.00","0.000","223.22","193.63","729.84","No"
"USEP","12-May-2026","43","223.19","0.00","7432.729","0.00","0.000","223.19","194.47","729.84","No"
"USEP","12-May-2026","44","193.17","0.00","7288.097","0.00","0.000","193.17","194.78","729.84","No"
"USEP","12-May-2026","45","186.11","0.00","7130.981","0.00","0.000","186.11","194.98","729.84","No"
"USEP","12-May-2026","46","177.57","0.00","6986.866","0.00","0.000","177.57","195.01","729.84","No"
"USEP","12-May-2026","47","181.67","0.00","6854.013","0.00","0.000","181.67","195.11","729.84","No"
"USEP","12-May-2026","48","181.70","0.00","6777.773","0.00","0.000","181.70","195.23","729.84","No"
"USEP","13-May-2026","1","205.70","0.00","6757.863","0.00","0.000","205.70","195.85","729.84","No"
"USEP","13-May-2026","2","222.37","0.00","6695.992","0.00","0.000","222.37","196.83","729.84","No"
"USEP","13-May-2026","3","192.69","0.00","6496.675","0.00","0.000","192.69","197.17","729.84","No"
"USEP","13-May-2026","4","185.74","0.00","6362.922","0.00","0.000","185.74","197.37","729.84","No"
"USEP","13-May-2026","5","176.35","0.00","6294.729","0.00","0.000","176.35","197.37","729.84","No"
"USEP","13-May-2026","6","176.59","0.00","6238.607","0.00","0.000","176.59","197.38","729.84","No"
"USEP","13-May-2026","7","176.34","0.00","6201.899","0.00","0.000","176.34","197.38","729.84","No"
"USEP","13-May-2026","8","176.33","0.00","6188.286","0.00","0.000","176.33","197.38","729.84","No"
"USEP","13-May-2026","9","176.33","0.00","6183.734","0.00","0.000","176.33","197.39","729.84","No"
"USEP","13-May-2026","10","176.34","0.00","6190.299","0.00","0.000","176.34","197.39","729.84","No"
"USEP","13-May-2026","11","181.44","0.00","6277.781","0.00","0.000","181.44","197.49","729.84","No"
"USEP","13-May-2026","12","181.46","0.00","6434.694","0.00","0.000","181.46","197.57","729.84","No"
"USEP","13-May-2026","13","181.48","0.00","6622.918","0.00","0.000","181.48","197.67","729.84","No"
"USEP","13-May-2026","14","186.89","0.00","6809.238","0.00","0.000","186.89","197.86","729.84","No"
"USEP","13-May-2026","15","185.89","0.00","6998.307","6.00","0.000","185.89","197.99","729.84","No"
"USEP","13-May-2026","16","192.90","0.00","7209.348","24.46","0.000","192.90","198.19","729.84","No"
"USEP","13-May-2026","17","205.81","0.00","7369.213","102.12","0.000","205.81","198.67","729.84","No"
"USEP","13-May-2026","18","187.93","0.00","7353.140","263.63","0.000","187.93","198.85","729.84","No"
"USEP","13-May-2026","19","186.19","0.00","7238.532","469.77","0.000","186.19","199.02","729.84","No"
"USEP","13-May-2026","20","178.89","0.00","7120.320","667.32","0.000","178.89","199.07","729.84","No"
"USEP","13-May-2026","21","181.59","0.00","7245.018","631.58","0.000","181.59","199.03","729.84","No"
"USEP","13-May-2026","22","222.95","0.00","7395.882","525.13","0.000","222.95","199.30","729.84","No"
"USEP","13-May-2026","23","290.73","0.00","7600.855","327.14","0.000","290.73","201.73","729.84","No"
"USEP","13-May-2026","24","290.65","0.00","7589.369","285.80","0.000","290.65","204.24","729.84","No"
"USEP","13-May-2026","25","190.74","0.00","7170.810","650.51","0.000","190.74","203.63","729.84","No"
"USEP","13-May-2026","26","222.18","0.00","7271.006","522.28","0.000","222.18","203.52","729.84","No"
"USEP","13-May-2026","27","176.80","0.00","7033.489","756.38","0.000","176.80","203.52","729.84","No"
"USEP","13-May-2026","28","209.59","0.00","7327.862","508.26","0.000","209.59","200.54","729.84","No"
"USEP","13-May-2026","29","187.96","0.00","7233.929","595.22","0.000","187.96","200.77","729.84","No"
"USEP","13-May-2026","30","185.68","0.00","7213.736","569.96","0.000","185.68","200.08","729.84","No"
"USEP","13-May-2026","31","181.09","0.00","7221.519","559.22","0.000","181.09","198.96","729.84","No"
"USEP","13-May-2026","32","177.56","0.00","7177.083","591.42","0.000","177.56","196.15","729.84","No"
"USEP","13-May-2026","33","172.72","0.00","7143.217","640.27","0.000","172.72","196.06","729.84","No"
"USEP","13-May-2026","34","176.45","0.00","7267.825","507.31","0.000","176.45","195.95","729.84","No"
"USEP","13-May-2026","35","172.69","0.00","7238.681","494.85","0.000","172.69","195.96","729.84","No"
"USEP","13-May-2026","36","170.55","0.00","7271.766","385.49","0.000","170.55","195.90","729.84","No"
"USEP","13-May-2026","37","176.85","0.00","7427.138","183.28","0.000","176.85","195.70","729.84","No"
"USEP","13-May-2026","38","185.98","0.00","7558.888","75.93","0.000","185.98","195.50","729.84","No"
"USEP","13-May-2026","39","193.10","0.00","7645.664","7.94","0.000","193.10","194.42","729.84","No"
"USEP","13-May-2026","40","193.11","0.00","7642.543","0.00","0.000","193.11","193.59","729.84","No"
"USEP","13-May-2026","41","193.11","0.00","7604.358","0.00","0.000","193.11","192.76","729.84","No"
"USEP","13-May-2026","42","189.03","0.00","7564.022","0.00","0.000","189.03","192.05","729.84","No"
"USEP","13-May-2026","43","186.62","0.00","7485.118","0.00","0.000","186.62","191.28","729.84","No"
"USEP","13-May-2026","44","180.24","0.00","7343.558","0.00","0.000","180.24","191.01","729.84","No"
"USEP","13-May-2026","45","176.59","0.00","7191.108","0.00","0.000","176.59","190.82","729.84","No"
"USEP","13-May-2026","46","176.38","0.00","7050.358","0.00","0.000","176.38","190.79","729.84","No"
"USEP","13-May-2026","47","176.51","0.00","6901.933","0.00","0.000","176.51","190.68","729.84","No"
"USEP","13-May-2026","48","173.40","0.00","6662.862","0.00","0.000","173.40","190.51","729.84","No"
"USEP","14-May-2026","1","167.86","0.00","6438.963","0.00","0.000","167.86","189.72","729.84","No"
"USEP","14-May-2026","2","167.24","0.00","6317.233","0.00","0.000","167.24","188.57","729.84","No"
"USEP","14-May-2026","3","176.17","0.00","6313.287","0.00","0.000","176.17","188.23","729.84","No"
"USEP","14-May-2026","4","176.15","0.00","6249.189","0.00","0.000","176.15","188.03","729.84","No"
"USEP","14-May-2026","5","176.14","0.00","6190.403","0.00","0.000","176.14","188.03","729.84","No"
"USEP","14-May-2026","6","175.95","0.00","6143.233","0.00","0.000","175.95","188.01","729.84","No"
"USEP","14-May-2026","7","175.95","0.00","6107.052","0.00","0.000","175.95","188.00","729.84","No"
"USEP","14-May-2026","8","176.13","0.00","6084.786","0.00","0.000","176.13","188.00","729.84","No"
"USEP","14-May-2026","9","176.12","0.00","6095.422","0.00","0.000","176.12","188.00","729.84","No"
"USEP","14-May-2026","10","176.23","0.00","6142.741","0.00","0.000","176.23","187.99","729.84","No"
"USEP","14-May-2026","11","176.30","0.00","6244.417","0.00","0.000","176.30","187.89","729.84","No"
"USEP","14-May-2026","12","177.32","0.00","6429.152","0.00","0.000","177.32","187.80","729.84","No"
"USEP","14-May-2026","13","177.91","0.00","6631.685","0.00","0.000","177.91","187.73","729.84","No"
"USEP","14-May-2026","14","187.51","0.00","6831.757","0.00","0.000","187.51","187.74","729.84","No"
"USEP","14-May-2026","15","187.78","0.00","7040.432","7.90","0.000","187.78","187.78","729.84","No"
"USEP","14-May-2026","16","210.74","0.00","7257.954","29.74","0.000","210.74","188.15","729.84","No"
"USEP","14-May-2026","17","202.37","0.00","7380.226","126.02","0.000","202.37","188.08","729.84","No"
"USEP","14-May-2026","18","193.04","0.00","7399.063","264.65","0.000","193.04","188.18","729.84","No"
"USEP","14-May-2026","19","187.72","0.00","7321.859","456.10","0.000","187.72","188.22","729.84","No"
"USEP","14-May-2026","20","177.58","0.00","7180.189","656.76","0.000","177.58","188.19","729.84","No"
"USEP","14-May-2026","21","176.84","0.00","7078.085","783.39","0.000","176.84","188.09","729.84","No"
"USEP","14-May-2026","22","176.46","0.00","6982.283","900.32","0.000","176.46","187.12","729.84","No"
"USEP","14-May-2026","23","176.42","0.00","6850.216","1061.02","0.000","176.42","184.74","729.84","No"
"USEP","14-May-2026","24","174.91","0.00","6753.007","1114.74","0.000","174.91","182.33","729.84","No"
"USEP","14-May-2026","25","174.54","0.00","6709.401","1100.77","0.000","174.54","181.99","729.84","No"
"USEP","14-May-2026","26","172.59","0.00","6603.028","1216.31","0.000","172.59","180.96","729.84","No"
"USEP","14-May-2026","27","167.50","0.00","6527.335","1340.61","0.000","167.50","180.76","729.84","No"
"USEP","14-May-2026","28","167.71","0.00","6563.273","1335.13","0.000","167.71","179.89","729.84","No"
"USEP","14-May-2026","29","174.53","0.00","6779.254","1166.36","0.000","174.53","179.61","729.84","No"
"USEP","14-May-2026","30","176.42","0.00","6936.067","1002.30","0.000","176.42","179.42","729.84","No"
"USEP","14-May-2026","31","172.56","0.00","6742.575","1192.86","0.000","172.56","179.24","729.84","No"
"USEP","14-May-2026","32","173.87","0.00","6851.284","1089.40","0.000","173.87","179.16","729.84","No"
"USEP","14-May-2026","33","176.86","0.00","7166.740","779.95","0.000","176.86","179.25","729.84","No"
"USEP","14-May-2026","34","176.81","0.00","7176.138","725.44","0.000","176.81","179.26","729.84","No"
"USEP","14-May-2026","35","176.47","0.00","7248.213","656.74","0.000","176.47","179.34","729.84","No"
"USEP","14-May-2026","36","176.87","0.00","7318.007","499.39","0.000","176.87","179.47","729.84","No"
"USEP","14-May-2026","37","177.51","0.00","7406.110","341.00","0.000","177.51","179.48","729.84","No"
"USEP","14-May-2026","38","188.16","0.00","7629.586","74.15","0.000","188.16","179.53","729.84","No"
"USEP","14-May-2026","39","190.06","0.00","7659.456","3.44","0.000","190.06","179.46","729.84","No"
"USEP","14-May-2026","40","188.17","0.00","7656.688","0.00","0.000","188.17","179.36","729.84","No"
"USEP","14-May-2026","41","190.50","0.00","7658.780","0.00","0.000","190.50","179.31","729.84","No"
"USEP","14-May-2026","42","190.51","0.00","7627.260","0.00","0.000","190.51","179.34","729.84","No"
"USEP","14-May-2026","43","193.41","0.00","7560.627","0.00","0.000","193.41","179.48","729.84","No"
"USEP","14-May-2026","44","188.12","0.00","7433.296","0.00","0.000","188.12","179.64","729.84","No"
"USEP","14-May-2026","45","181.91","0.00","7281.378","0.00","0.000","181.91","179.75","729.84","No"
"USEP","14-May-2026","46","177.62","0.00","7145.001","0.00","0.000","177.62","179.78","729.84","No"
"USEP","14-May-2026","47","180.54","0.00","7008.127","0.00","0.000","180.54","179.86","729.84","No"
"USEP","14-May-2026","48","178.99","0.00","6887.168","0.00","0.000","178.99","179.98","729.84","No"
